Date,Time,Category,Item,Qty,Gross Sales,Discounts,Net Sales,Tax,Transaction ID,Customer ID,Customer Name
05/03/2026,09:00,Shop,Tee,1,$25.00,$0.00,$25.00,$1.00,T0,,user26@example.com
07/08/2026,09:00,Shop,Poster,1,$18.00,$0.00,$18.00,$1.00,T1,,
03/11/2025,09:00,Shop,Poster,1,$18.00,$0.00,$18.00,$1.00,T2,,user7@example.com
01/29/2026,09:00,Shop,Mug,1,$12.00,$0.00,$12.00,$1.00,T3,,user17@example.com
01/23/2026,09:00,Shop,Mug,1,$12.00,$0.00,$12.00,$1.00,T4,,user5@example.com
07/12/2026,09:00,Shop,Tee,1,$25.00,$0.00,$25.00,$1.00,T5,,user4@example.com
02/06/2026,09:00,Shop,Poster,1,$18.00,$0.00,$18.00,$1.00,T6,,
05/06/2026,09:00,Shop,Poster,1,$18.00,$0.00,$18.00,$1.00,T7,,
06/10/2025,09:00,Shop,Tee,1,$25.00,$0.00,$25.00,$1.00,T8,,user2@example.com
09/25/2025,09:00,Shop,Tee,1,$25.00,$0.00,$25.00,$1.00,T9,,
02/06/2026,09:00,Shop,Tee,1,$25.00,$0.00,$25.00,$1.00,T10,,user28@example.com
01/16/2025,09:00,Shop,Poster,1,$18.00,$0.00,$18.00,$1.00,T11,,
09/06/2025,09:00,Shop,Poster,1,$18.00,$0.00,$18.00,$1.00,T12,,user8@example.com
03/17/2025,09:00,Shop,Tee,1,$25.00,$0.00,$25.00,$1.00,T13,,user25@example.com
08/03/2025,09:00,Shop,Mug,1,$12.00,$0.00,$12.00,$1.00,T14,,
04/18/2026,09:00,Shop,Mug,1,$12.00,$0.00,$12.00,$1.00,T15,,user25@example.com
02/20/2026,09:00,Shop,Tee,1,$25.00,$0.00,$25.00,$1.00,T16,,user1@example.com
10/15/2025,09:00,Shop,Mug,1,$12.00,$0.00,$12.00,$1.00,T17,,
02/14/2025,09:00,Shop,Tee,1,$25.00,$0.00,$25.00,$1.00,T18,,
03/05/2026,09:00,Shop,Mug,1,$12.00,$0.00,$12.00,$1.00,T19,,
06/30/2025,09:00,Shop,Poster,1,$18.00,$0.00,$18.00,$1.00,T20,,user12@example.com
06/01/2026,09:00,Shop,Tee,1,$25.00,$0.00,$25.00,$1.00,T21,,user18@example.com
03/23/2025,09:00,Shop,Poster,1,$18.00,$0.00,$18.00,$1.00,T22,,user2@example.com
02/28/2026,09:00,Shop,Poster,1,$18.00,$0.00,$18.00,$1.00,T23,,user9@example.com
04/24/2026,09:00,Shop,Mug,1,$12.00,$0.00,$12.00,$1.00,T24,,user19@example.com
02/10/2025,09:00,Shop,Poster,1,$18.00,$0.00,$18.00,$1.00,T25,,user19@example.com
08/23/2026,09:00,Shop,Tee,1,$25.00,$0.00,$25.00,$1.00,T26,,user2@example.com
06/21/2026,09:00,Shop,Tee,1,$25.00,$0.00,$25.00,$1.00,T27,,user18@example.com
02/02/2025,09:00,Shop,Tee,1,$25.00,$0.00,$25.00,$1.00,T28,,user5@example.com
06/17/2025,09:00,Shop,Poster,1,$18.00,$0.00,$18.00,$1.00,T29,,
01/28/2026,09:00,Shop,Poster,1,$18.00,$0.00,$18.00,$1.00,T30,,
05/20/2026,09:00,Shop,Tee,1,$25.00,$0.00,$25.00,$1.00,T31,,user28@example.com
01/24/2025,09:00,Shop,Tee,1,$25.00,$0.00,$25.00,$1.00,T32,,user2@example.com
10/30/2025,09:00,Shop,Mug,1,$12.00,$0.00,$12.00,$1.00,T33,,user22@example.com
07/24/2025,09:00,Shop,Tee,1,$25.00,$0.00,$25.00,$1.00,T34,,user11@example.com
09/08/2025,09:00,Shop,Mug,1,$12.00,$0.00,$12.00,$1.00,T35,,user5@example.com
02/11/2025,09:00,Shop,Mug,1,$12.00,$0.00,$12.00,$1.00,T36,,user9@example.com
11/11/2025,09:00,Shop,Tee,1,$25.00,$0.00,$25.00,$1.00,T37,,
08/11/2026,09:00,Shop,Poster,1,$18.00,$0.00,$18.00,$1.00,T38,,
01/22/2025,09:00,Shop,Tee,1,$25.00,$0.00,$25.00,$1.00,T39,,
07/12/2026,09:00,Shop,Tee,1,$25.00,$0.00,$25.00,$1.00,T40,,user15@example.com
06/23/2026,09:00,Shop,Mug,1,$12.00,$0.00,$12.00,$1.00,T41,,
04/18/2025,09:00,Shop,Tee,1,$25.00,$0.00,$25.00,$1.00,T42,,
01/31/2026,09:00,Shop,Mug,1,$12.00,$0.00,$12.00,$1.00,T43,,
01/09/2025,09:00,Shop,Poster,1,$18.00,$0.00,$18.00,$1.00,T44,,
07/30/2026,09:00,Shop,Tee,1,$25.00,$0.00,$25.00,$1.00,T45,,user26@example.com
02/02/2026,09:00,Shop,Poster,1,$18.00,$0.00,$18.00,$1.00,T46,,
08/12/2025,09:00,Shop,Mug,1,$12.00,$0.00,$12.00,$1.00,T47,,user27@example.com
06/30/2025,09:00,Shop,Mug,1,$12.00,$0.00,$12.00,$1.00,T48,,
04/26/2025,09:00,Shop,Poster,1,$18.00,$0.00,$18.00,$1.00,T49,,user19@example.com
06/29/2025,09:00,Shop,Tee,1,$25.00,$0.00,$25.00,$1.00,T50,,
05/25/2026,09:00,Shop,Poster,1,$18.00,$0.00,$18.00,$1.00,T51,,user10@example.com
10/01/2025,09:00,Shop,Poster,1,$18.00,$0.00,$18.00,$1.00,T52,,
09/03/2025,09:00,Shop,Tee,1,$25.00,$0.00,$25.00,$1.00,T53,,user4@example.com
06/06/2026,09:00,Shop,Tee,1,$25.00,$0.00,$25.00,$1.00,T54,,user15@example.com
07/24/2026,09:00,Shop,Mug,1,$12.00,$0.00,$12.00,$1.00,T55,,user16@example.com
06/15/2025,09:00,Shop,Poster,1,$18.00,$0.00,$18.00,$1.00,T56,,user8@example.com
02/28/2025,09:00,Shop,Tee,1,$25.00,$0.00,$25.00,$1.00,T57,,user22@example.com
05/13/2025,09:00,Shop,Poster,1,$18.00,$0.00,$18.00,$1.00,T58,,user15@example.com
11/08/2025,09:00,Shop,Poster,1,$18.00,$0.00,$18.00,$1.00,T59,,user2@example.com
03/11/2026,09:00,Shop,Tee,1,$25.00,$0.00,$25.00,$1.00,T60,,
02/24/2025,09:00,Shop,Mug,1,$12.00,$0.00,$12.00,$1.00,T61,,
01/23/2026,09:00,Shop,Poster,1,$18.00,$0.00,$18.00,$1.00,T62,,
05/26/2026,09:00,Shop,Poster,1,$18.00,$0.00,$18.00,$1.00,T63,,
11/17/2025,09:00,Shop,Tee,1,$25.00,$0.00,$25.00,$1.00,T64,,user17@example.com
06/12/2025,09:00,Shop,Tee,1,$25.00,$0.00,$25.00,$1.00,T65,,
06/28/2026,09:00,Shop,Poster,1,$18.00,$0.00,$18.00,$1.00,T66,,
01/13/2026,09:00,Shop,Mug,1,$12.00,$0.00,$12.00,$1.00,T67,,
03/16/2026,09:00,Shop,Mug,1,$12.00,$0.00,$12.00,$1.00,T68,,
01/08/2026,09:00,Shop,Mug,1,$12.00,$0.00,$12.00,$1.00,T69,,user22@example.com
09/06/2025,09:00,Shop,Poster,1,$18.00,$0.00,$18.00,$1.00,T70,,user4@example.com
01/11/2026,09:00,Shop,Poster,1,$18.00,$0.00,$18.00,$1.00,T71,,
11/15/2025,09:00,Shop,Mug,1,$12.00,$0.00,$12.00,$1.00,T72,,
12/29/2025,09:00,Shop,Poster,1,$18.00,$0.00,$18.00,$1.00,T73,,user0@example.com
01/30/2026,09:00,Shop,Poster,1,$18.00,$0.00,$18.00,$1.00,T74,,user6@example.com
01/03/2025,09:00,Shop,Mug,1,$12.00,$0.00,$12.00,$1.00,T75,,
07/03/2025,09:00,Shop,Tee,1,$25.00,$0.00,$25.00,$1.00,T76,,user6@example.com
08/10/2025,09:00,Shop,Tee,1,$25.00,$0.00,$25.00,$1.00,T77,,user4@example.com
06/09/2026,09:00,Shop,Mug,1,$12.00,$0.00,$12.00,$1.00,T78,,user25@example.com
07/08/2025,09:00,Shop,Tee,1,$25.00,$0.00,$25.00,$1.00,T79,,
04/08/2025,09:00,Shop,Poster,1,$18.00,$0.00,$18.00,$1.00,T80,,user17@example.com
05/06/2026,09:00,Shop,Mug,1,$12.00,$0.00,$12.00,$1.00,T81,,user23@example.com
06/04/2025,09:00,Shop,Mug,1,$12.00,$0.00,$12.00,$1.00,T82,,
05/17/2025,09:00,Shop,Mug,1,$12.00,$0.00,$12.00,$1.00,T83,,
02/10/2026,09:00,Shop,Mug,1,$12.00,$0.00,$12.00,$1.00,T84,,user11@example.com
08/18/2025,09:00,Shop,Tee,1,$25.00,$0.00,$25.00,$1.00,T85,,user6@example.com
02/20/2025,09:00,Shop,Poster,1,$18.00,$0.00,$18.00,$1.00,T86,,user13@example.com
01/07/2025,09:00,Shop,Poster,1,$18.00,$0.00,$18.00,$1.00,T87,,
08/09/2025,09:00,Shop,Mug,1,$12.00,$0.00,$12.00,$1.00,T88,,
03/29/2026,09:00,Shop,Poster,1,$18.00,$0.00,$18.00,$1.00,T89,,user12@example.com
01/21/2026,09:00,Shop,Tee,1,$25.00,$0.00,$25.00,$1.00,T90,,user9@example.com
12/14/2025,09:00,Shop,Tee,1,$25.00,$0.00,$25.00,$1.00,T91,,
01/23/2026,09:00,Shop,Mug,1,$12.00,$0.00,$12.00,$1.00,T92,,
07/18/2025,09:00,Shop,Tee,1,$25.00,$0.00,$25.00,$1.00,T93,,user0@example.com
03/09/2026,09:00,Shop,Tee,1,$25.00,$0.00,$25.00,$1.00,T94,,
07/17/2025,09:00,Shop,Mug,1,$12.00,$0.00,$12.00,$1.00,T95,,user1@example.com
05/29/2026,09:00,Shop,Tee,1,$25.00,$0.00,$25.00,$1.00,T96,,user29@example.com
08/27/2025,09:00,Shop,Mug,1,$12.00,$0.00,$12.00,$1.00,T97,,user4@example.com
08/09/2025,09:00,Shop,Poster,1,$18.00,$0.00,$18.00,$1.00,T98,,
05/24/2025,09:00,Shop,Mug,1,$12.00,$0.00,$12.00,$1.00,T99,,user15@example.com
07/13/2026,09:00,Shop,Tee,1,$25.00,$0.00,$25.00,$1.00,T100,,
06/19/2026,09:00,Shop,Mug,1,$12.00,$0.00,$12.00,$1.00,T101,,
06/10/2026,09:00,Shop,Mug,1,$12.00,$0.00,$12.00,$1.00,T102,,user28@example.com
02/02/2025,09:00,Shop,Mug,1,$12.00,$0.00,$12.00,$1.00,T103,,user11@example.com
02/25/2026,09:00,Shop,Mug,1,$12.00,$0.00,$12.00,$1.00,T104,,
05/13/2026,09:00,Shop,Poster,1,$18.00,$0.00,$18.00,$1.00,T105,,user14@example.com
09/03/2025,09:00,Shop,Mug,1,$12.00,$0.00,$12.00,$1.00,T106,,user23@example.com
06/23/2025,09:00,Shop,Poster,1,$18.00,$0.00,$18.00,$1.00,T107,,
06/17/2025,09:00,Shop,Tee,1,$25.00,$0.00,$25.00,$1.00,T108,,
09/09/2025,09:00,Shop,Tee,1,$25.00,$0.00,$25.00,$1.00,T109,,user22@example.com
07/05/2026,09:00,Shop,Mug,1,$12.00,$0.00,$12.00,$1.00,T110,,user18@example.com
08/31/2025,09:00,Shop,Mug,1,$12.00,$0.00,$12.00,$1.00,T111,,
02/12/2025,09:00,Shop,Tee,1,$25.00,$0.00,$25.00,$1.00,T112,,user19@example.com
07/24/2026,09:00,Shop,Mug,1,$12.00,$0.00,$12.00,$1.00,T113,,
05/09/2025,09:00,Shop,Tee,1,$25.00,$0.00,$25.00,$1.00,T114,,user20@example.com
07/13/2026,09:00,Shop,Tee,1,$25.00,$0.00,$25.00,$1.00,T115,,
01/24/2025,09:00,Shop,Poster,1,$18.00,$0.00,$18.00,$1.00,T116,,
09/11/2025,09:00,Shop,Mug,1,$12.00,$0.00,$12.00,$1.00,T117,,user20@example.com
05/04/2026,09:00,Shop,Mug,1,$12.00,$0.00,$12.00,$1.00,T118,,user13@example.com
02/13/2026,09:00,Shop,Mug,1,$12.00,$0.00,$12.00,$1.00,T119,,user28@example.com
02/19/2026,09:00,Shop,Tee,1,$25.00,$0.00,$25.00,$1.00,T120,,
07/19/2026,09:00,Shop,Mug,1,$12.00,$0.00,$12.00,$1.00,T121,,
04/04/2026,09:00,Shop,Mug,1,$12.00,$0.00,$12.00,$1.00,T122,,
07/17/2025,09:00,Shop,Poster,1,$18.00,$0.00,$18.00,$1.00,T123,,user11@example.com
09/21/2025,09:00,Shop,Poster,1,$18.00,$0.00,$18.00,$1.00,T124,,
09/26/2025,09:00,Shop,Mug,1,$12.00,$0.00,$12.00,$1.00,T125,,user4@example.com
01/31/2026,09:00,Shop,Mug,1,$12.00,$0.00,$12.00,$1.00,T126,,user12@example.com
06/02/2026,09:00,Shop,Tee,1,$25.00,$0.00,$25.00,$1.00,T127,,user17@example.com
08/03/2026,09:00,Shop,Mug,1,$12.00,$0.00,$12.00,$1.00,T128,,
05/05/2026,09:00,Shop,Poster,1,$18.00,$0.00,$18.00,$1.00,T129,,user9@example.com
04/09/2026,09:00,Shop,Mug,1,$12.00,$0.00,$12.00,$1.00,T130,,user24@example.com
06/07/2026,09:00,Shop,Tee,1,$25.00,$0.00,$25.00,$1.00,T131,,user25@example.com
02/26/2025,09:00,Shop,Poster,1,$18.00,$0.00,$18.00,$1.00,T132,,user3@example.com
10/24/2025,09:00,Shop,Tee,1,$25.00,$0.00,$25.00,$1.00,T133,,user14@example.com
07/21/2025,09:00,Shop,Tee,1,$25.00,$0.00,$25.00,$1.00,T134,,
04/27/2026,09:00,Shop,Tee,1,$25.00,$0.00,$25.00,$1.00,T135,,user2@example.com
07/15/2026,09:00,Shop,Mug,1,$12.00,$0.00,$12.00,$1.00,T136,,user7@example.com
11/26/2025,09:00,Shop,Poster,1,$18.00,$0.00,$18.00,$1.00,T137,,user19@example.com
03/15/2026,09:00,Shop,Poster,1,$18.00,$0.00,$18.00,$1.00,T138,,user15@example.com
06/10/2025,09:00,Shop,Tee,1,$25.00,$0.00,$25.00,$1.00,T139,,
09/30/2025,09:00,Shop,Poster,1,$18.00,$0.00,$18.00,$1.00,T140,,
08/22/2026,09:00,Shop,Tee,1,$25.00,$0.00,$25.00,$1.00,T141,,user6@example.com
01/04/2026,09:00,Shop,Tee,1,$25.00,$0.00,$25.00,$1.00,T142,,
03/11/2026,09:00,Shop,Tee,1,$25.00,$0.00,$25.00,$1.00,T143,,
08/17/2025,09:00,Shop,Mug,1,$12.00,$0.00,$12.00,$1.00,T144,,user11@example.com
06/14/2026,09:00,Shop,Poster,1,$18.00,$0.00,$18.00,$1.00,T145,,user28@example.com
04/24/2026,09:00,Shop,Mug,1,$12.00,$0.00,$12.00,$1.00,T146,,user6@example.com
03/28/2025,09:00,Shop,Tee,1,$25.00,$0.00,$25.00,$1.00,T147,,user25@example.com
09/30/2025,09:00,Shop,Mug,1,$12.00,$0.00,$12.00,$1.00,T148,,
05/19/2026,09:00,Shop,Poster,1,$18.00,$0.00,$18.00,$1.00,T149,,
01/02/2026,09:00,Shop,Poster,1,$18.00,$0.00,$18.00,$1.00,T150,,user24@example.com
07/07/2026,09:00,Shop,Poster,1,$18.00,$0.00,$18.00,$1.00,T151,,user7@example.com
01/13/2025,09:00,Shop,Mug,1,$12.00,$0.00,$12.00,$1.00,T152,,
01/30/2026,09:00,Shop,Tee,1,$25.00,$0.00,$25.00,$1.00,T153,,
10/01/2025,09:00,Shop,Mug,1,$12.00,$0.00,$12.00,$1.00,T154,,user10@example.com
02/08/2026,09:00,Shop,Mug,1,$12.00,$0.00,$12.00,$1.00,T155,,user3@example.com
08/06/2025,09:00,Shop,Tee,1,$25.00,$0.00,$25.00,$1.00,T156,,user11@example.com
06/28/2025,09:00,Shop,Tee,1,$25.00,$0.00,$25.00,$1.00,T157,,
04/29/2025,09:00,Shop,Mug,1,$12.00,$0.00,$12.00,$1.00,T158,,
01/16/2025,09:00,Shop,Tee,1,$25.00,$0.00,$25.00,$1.00,T159,,user18@example.com
06/10/2025,09:00,Shop,Mug,1,$12.00,$0.00,$12.00,$1.00,T160,,
05/17/2025,09:00,Shop,Poster,1,$18.00,$0.00,$18.00,$1.00,T161,,user20@example.com
07/16/2026,09:00,Shop,Mug,1,$12.00,$0.00,$12.00,$1.00,T162,,user7@example.com
12/09/2025,09:00,Shop,Poster,1,$18.00,$0.00,$18.00,$1.00,T163,,
07/26/2025,09:00,Shop,Tee,1,$25.00,$0.00,$25.00,$1.00,T164,,
02/10/2025,09:00,Shop,Poster,1,$18.00,$0.00,$18.00,$1.00,T165,,
07/15/2025,09:00,Shop,Mug,1,$12.00,$0.00,$12.00,$1.00,T166,,user21@example.com
06/03/2026,09:00,Shop,Mug,1,$12.00,$0.00,$12.00,$1.00,T167,,user12@example.com
03/10/2026,09:00,Shop,Mug,1,$12.00,$0.00,$12.00,$1.00,T168,,user20@example.com
08/20/2026,09:00,Shop,Poster,1,$18.00,$0.00,$18.00,$1.00,T169,,
10/03/2025,09:00,Shop,Mug,1,$12.00,$0.00,$12.00,$1.00,T170,,user0@example.com
05/31/2026,09:00,Shop,Tee,1,$25.00,$0.00,$25.00,$1.00,T171,,user24@example.com
07/07/2026,09:00,Shop,Tee,1,$25.00,$0.00,$25.00,$1.00,T172,,user25@example.com
03/07/2025,09:00,Shop,Tee,1,$25.00,$0.00,$25.00,$1.00,T173,,user21@example.com
05/19/2025,09:00,Shop,Tee,1,$25.00,$0.00,$25.00,$1.00,T174,,user17@example.com
03/28/2026,09:00,Shop,Mug,1,$12.00,$0.00,$12.00,$1.00,T175,,user29@example.com
07/16/2025,09:00,Shop,Tee,1,$25.00,$0.00,$25.00,$1.00,T176,,
04/06/2025,09:00,Shop,Tee,1,$25.00,$0.00,$25.00,$1.00,T177,,
05/05/2025,09:00,Shop,Poster,1,$18.00,$0.00,$18.00,$1.00,T178,,user11@example.com
09/21/2025,09:00,Shop,Tee,1,$25.00,$0.00,$25.00,$1.00,T179,,user26@example.com
10/29/2025,09:00,Shop,Poster,1,$18.00,$0.00,$18.00,$1.00,T180,,user19@example.com
07/24/2025,09:00,Shop,Tee,1,$25.00,$0.00,$25.00,$1.00,T181,,
05/14/2025,09:00,Shop,Poster,1,$18.00,$0.00,$18.00,$1.00,T182,,
08/09/2025,09:00,Shop,Poster,1,$18.00,$0.00,$18.00,$1.00,T183,,
04/17/2025,09:00,Shop,Tee,1,$25.00,$0.00,$25.00,$1.00,T184,,user13@example.com
09/26/2025,09:00,Shop,Poster,1,$18.00,$0.00,$18.00,$1.00,T185,,
08/31/2025,09:00,Shop,Mug,1,$12.00,$0.00,$12.00,$1.00,T186,,
08/01/2026,09:00,Shop,Poster,1,$18.00,$0.00,$18.00,$1.00,T187,,user4@example.com
12/12/2025,09:00,Shop,Mug,1,$12.00,$0.00,$12.00,$1.00,T188,,
04/02/2026,09:00,Shop,Tee,1,$25.00,$0.00,$25.00,$1.00,T189,,
03/01/2025,09:00,Shop,Poster,1,$18.00,$0.00,$18.00,$1.00,T190,,user3@example.com
09/09/2025,09:00,Shop,Mug,1,$12.00,$0.00,$12.00,$1.00,T191,,
12/29/2025,09:00,Shop,Mug,1,$12.00,$0.00,$12.00,$1.00,T192,,user10@example.com
07/04/2025,09:00,Shop,Mug,1,$12.00,$0.00,$12.00,$1.00,T193,,user12@example.com
02/14/2025,09:00,Shop,Poster,1,$18.00,$0.00,$18.00,$1.00,T194,,
06/14/2026,09:00,Shop,Mug,1,$12.00,$0.00,$12.00,$1.00,T195,,
02/23/2026,09:00,Shop,Tee,1,$25.00,$0.00,$25.00,$1.00,T196,,
03/03/2025,09:00,Shop,Poster,1,$18.00,$0.00,$18.00,$1.00,T197,,user15@example.com
06/19/2026,09:00,Shop,Mug,1,$12.00,$0.00,$12.00,$1.00,T198,,
04/21/2025,09:00,Shop,Tee,1,$25.00,$0.00,$25.00,$1.00,T199,,user27@example.com
06/30/2025,09:00,Shop,Mug,1,$12.00,$0.00,$12.00,$1.00,T200,,
01/31/2026,09:00,Shop,Tee,1,$25.00,$0.00,$25.00,$1.00,T201,,user22@example.com
02/01/2025,09:00,Shop,Tee,1,$25.00,$0.00,$25.00,$1.00,T202,,user21@example.com
01/31/2026,09:00,Shop,Tee,1,$25.00,$0.00,$25.00,$1.00,T203,,
04/30/2026,09:00,Shop,Tee,1,$25.00,$0.00,$25.00,$1.00,T204,,
06/17/2025,09:00,Shop,Tee,1,$25.00,$0.00,$25.00,$1.00,T205,,user3@example.com
06/22/2026,09:00,Shop,Tee,1,$25.00,$0.00,$25.00,$1.00,T206,,user16@example.com
08/06/2026,09:00,Shop,Mug,1,$12.00,$0.00,$12.00,$1.00,T207,,user1@example.com
01/29/2026,09:00,Shop,Mug,1,$12.00,$0.00,$12.00,$1.00,T208,,
07/21/2025,09:00,Shop,Tee,1,$25.00,$0.00,$25.00,$1.00,T209,,
04/24/2026,09:00,Shop,Mug,1,$12.00,$0.00,$12.00,$1.00,T210,,user14@example.com
06/11/2026,09:00,Shop,Mug,1,$12.00,$0.00,$12.00,$1.00,T211,,
06/18/2025,09:00,Shop,Tee,1,$25.00,$0.00,$25.00,$1.00,T212,,user29@example.com
08/20/2026,09:00,Shop,Poster,1,$18.00,$0.00,$18.00,$1.00,T213,,
01/02/2025,09:00,Shop,Mug,1,$12.00,$0.00,$12.00,$1.00,T214,,user2@example.com
08/04/2026,09:00,Shop,Poster,1,$18.00,$0.00,$18.00,$1.00,T215,,user25@example.com
03/17/2025,09:00,Shop,Poster,1,$18.00,$0.00,$18.00,$1.00,T216,,
02/16/2026,09:00,Shop,Mug,1,$12.00,$0.00,$12.00,$1.00,T217,,user9@example.com
08/19/2025,09:00,Shop,Poster,1,$18.00,$0.00,$18.00,$1.00,T218,,user25@example.com
12/14/2025,09:00,Shop,Mug,1,$12.00,$0.00,$12.00,$1.00,T219,,user6@example.com
02/03/2026,09:00,Shop,Tee,1,$25.00,$0.00,$25.00,$1.00,T220,,user2@example.com
03/20/2025,09:00,Shop,Mug,1,$12.00,$0.00,$12.00,$1.00,T221,,user22@example.com
12/27/2025,09:00,Shop,Poster,1,$18.00,$0.00,$18.00,$1.00,T222,,user2@example.com
03/14/2026,09:00,Shop,Poster,1,$18.00,$0.00,$18.00,$1.00,T223,,user19@example.com
03/22/2026,09:00,Shop,Tee,1,$25.00,$0.00,$25.00,$1.00,T224,,
06/02/2026,09:00,Shop,Mug,1,$12.00,$0.00,$12.00,$1.00,T225,,
06/22/2025,09:00,Shop,Poster,1,$18.00,$0.00,$18.00,$1.00,T226,,
05/18/2025,09:00,Shop,Poster,1,$18.00,$0.00,$18.00,$1.00,T227,,
01/13/2025,09:00,Shop,Poster,1,$18.00,$0.00,$18.00,$1.00,T228,,user0@example.com
03/23/2026,09:00,Shop,Mug,1,$12.00,$0.00,$12.00,$1.00,T229,,user14@example.com
03/26/2026,09:00,Shop,Mug,1,$12.00,$0.00,$12.00,$1.00,T230,,user0@example.com
03/23/2026,09:00,Shop,Mug,1,$12.00,$0.00,$12.00,$1.00,T231,,
10/22/2025,09:00,Shop,Poster,1,$18.00,$0.00,$18.00,$1.00,T232,,
04/19/2026,09:00,Shop,Poster,1,$18.00,$0.00,$18.00,$1.00,T233,,
07/10/2025,09:00,Shop,Poster,1,$18.00,$0.00,$18.00,$1.00,T234,,
02/05/2026,09:00,Shop,Mug,1,$12.00,$0.00,$12.00,$1.00,T235,,
10/25/2025,09:00,Shop,Tee,1,$25.00,$0.00,$25.00,$1.00,T236,,user7@example.com
05/02/2025,09:00,Shop,Poster,1,$18.00,$0.00,$18.00,$1.00,T237,,user7@example.com
05/11/2026,09:00,Shop,Mug,1,$12.00,$0.00,$12.00,$1.00,T238,,
01/29/2026,09:00,Shop,Tee,1,$25.00,$0.00,$25.00,$1.00,T239,,
02/26/2025,09:00,Shop,Mug,1,$12.00,$0.00,$12.00,$1.00,T240,,user29@example.com
10/01/2025,09:00,Shop,Mug,1,$12.00,$0.00,$12.00,$1.00,T241,,
12/02/2025,09:00,Shop,Poster,1,$18.00,$0.00,$18.00,$1.00,T242,,user28@example.com
05/09/2025,09:00,Shop,Tee,1,$25.00,$0.00,$25.00,$1.00,T243,,user29@example.com
02/18/2025,09:00,Shop,Mug,1,$12.00,$0.00,$12.00,$1.00,T244,,user18@example.com
06/29/2026,09:00,Shop,Mug,1,$12.00,$0.00,$12.00,$1.00,T245,,
05/06/2025,09:00,Shop,Poster,1,$18.00,$0.00,$18.00,$1.00,T246,,user5@example.com
03/15/2026,09:00,Shop,Tee,1,$25.00,$0.00,$25.00,$1.00,T247,,
03/29/2025,09:00,Shop,Tee,1,$25.00,$0.00,$25.00,$1.00,T248,,user22@example.com
07/28/2026,09:00,Shop,Poster,1,$18.00,$0.00,$18.00,$1.00,T249,,user10@example.com
08/13/2026,09:00,Shop,Tee,1,$25.00,$0.00,$25.00,$1.00,T250,,
06/04/2026,09:00,Shop,Tee,1,$25.00,$0.00,$25.00,$1.00,T251,,user18@example.com
04/19/2026,09:00,Shop,Tee,1,$25.00,$0.00,$25.00,$1.00,T252,,user15@example.com
08/02/2025,09:00,Shop,Poster,1,$18.00,$0.00,$18.00,$1.00,T253,,
07/17/2025,09:00,Shop,Mug,1,$12.00,$0.00,$12.00,$1.00,T254,,user3@example.com
10/11/2025,09:00,Shop,Poster,1,$18.00,$0.00,$18.00,$1.00,T255,,user0@example.com
03/29/2026,09:00,Shop,Tee,1,$25.00,$0.00,$25.00,$1.00,T256,,
06/29/2025,09:00,Shop,Mug,1,$12.00,$0.00,$12.00,$1.00,T257,,user18@example.com
07/13/2026,09:00,Shop,Tee,1,$25.00,$0.00,$25.00,$1.00,T258,,user9@example.com
03/29/2025,09:00,Shop,Mug,1,$12.00,$0.00,$12.00,$1.00,T259,,
04/03/2025,09:00,Shop,Poster,1,$18.00,$0.00,$18.00,$1.00,T260,,user10@example.com
06/24/2025,09:00,Shop,Tee,1,$25.00,$0.00,$25.00,$1.00,T261,,user10@example.com
08/07/2025,09:00,Shop,Tee,1,$25.00,$0.00,$25.00,$1.00,T262,,user16@example.com
12/14/2025,09:00,Shop,Poster,1,$18.00,$0.00,$18.00,$1.00,T263,,user9@example.com
07/25/2026,09:00,Shop,Mug,1,$12.00,$0.00,$12.00,$1.00,T264,,user26@example.com
12/03/2025,09:00,Shop,Poster,1,$18.00,$0.00,$18.00,$1.00,T265,,
01/12/2025,09:00,Shop,Poster,1,$18.00,$0.00,$18.00,$1.00,T266,,
08/25/2025,09:00,Shop,Mug,1,$12.00,$0.00,$12.00,$1.00,T267,,
10/27/2025,09:00,Shop,Mug,1,$12.00,$0.00,$12.00,$1.00,T268,,user7@example.com
08/20/2025,09:00,Shop,Poster,1,$18.00,$0.00,$18.00,$1.00,T269,,
02/01/2025,09:00,Shop,Tee,1,$25.00,$0.00,$25.00,$1.00,T270,,
01/05/2025,09:00,Shop,Poster,1,$18.00,$0.00,$18.00,$1.00,T271,,user2@example.com
06/28/2025,09:00,Shop,Poster,1,$18.00,$0.00,$18.00,$1.00,T272,,
01/20/2025,09:00,Shop,Poster,1,$18.00,$0.00,$18.00,$1.00,T273,,user28@example.com
03/10/2026,09:00,Shop,Poster,1,$18.00,$0.00,$18.00,$1.00,T274,,user9@example.com
01/08/2026,09:00,Shop,Tee,1,$25.00,$0.00,$25.00,$1.00,T275,,user14@example.com
07/31/2026,09:00,Shop,Tee,1,$25.00,$0.00,$25.00,$1.00,T276,,
07/26/2026,09:00,Shop,Poster,1,$18.00,$0.00,$18.00,$1.00,T277,,user17@example.com
05/05/2025,09:00,Shop,Poster,1,$18.00,$0.00,$18.00,$1.00,T278,,
10/23/2025,09:00,Shop,Mug,1,$12.00,$0.00,$12.00,$1.00,T279,,user18@example.com
06/23/2026,09:00,Shop,Mug,1,$12.00,$0.00,$12.00,$1.00,T280,,user18@example.com
02/26/2025,09:00,Shop,Mug,1,$12.00,$0.00,$12.00,$1.00,T281,,user23@example.com
12/31/2025,09:00,Shop,Mug,1,$12.00,$0.00,$12.00,$1.00,T282,,
06/01/2026,09:00,Shop,Tee,1,$25.00,$0.00,$25.00,$1.00,T283,,user17@example.com
02/05/2025,09:00,Shop,Mug,1,$12.00,$0.00,$12.00,$1.00,T284,,
10/07/2025,09:00,Shop,Tee,1,$25.00,$0.00,$25.00,$1.00,T285,,user22@example.com
09/09/2025,09:00,Shop,Tee,1,$25.00,$0.00,$25.00,$1.00,T286,,
09/28/2025,09:00,Shop,Mug,1,$12.00,$0.00,$12.00,$1.00,T287,,user14@example.com
02/23/2026,09:00,Shop,Tee,1,$25.00,$0.00,$25.00,$1.00,T288,,
06/16/2025,09:00,Shop,Poster,1,$18.00,$0.00,$18.00,$1.00,T289,,user26@example.com
04/15/2026,09:00,Shop,Tee,1,$25.00,$0.00,$25.00,$1.00,T290,,user14@example.com
04/13/2026,09:00,Shop,Poster,1,$18.00,$0.00,$18.00,$1.00,T291,,
03/25/2025,09:00,Shop,Poster,1,$18.00,$0.00,$18.00,$1.00,T292,,
02/09/2026,09:00,Shop,Tee,1,$25.00,$0.00,$25.00,$1.00,T293,,user12@example.com
07/25/2025,09:00,Shop,Poster,1,$18.00,$0.00,$18.00,$1.00,T294,,user8@example.com
02/08/2025,09:00,Shop,Poster,1,$18.00,$0.00,$18.00,$1.00,T295,,user9@example.com
04/13/2026,09:00,Shop,Tee,1,$25.00,$0.00,$25.00,$1.00,T296,,user22@example.com
04/07/2025,09:00,Shop,Tee,1,$25.00,$0.00,$25.00,$1.00,T297,,user15@example.com
11/24/2025,09:00,Shop,Tee,1,$25.00,$0.00,$25.00,$1.00,T298,,user1@example.com
09/19/2025,09:00,Shop,Tee,1,$25.00,$0.00,$25.00,$1.00,T299,,user29@example.com
09/29/2025,09:00,Shop,Poster,1,$18.00,$0.00,$18.00,$1.00,T300,,user21@example.com
03/27/2025,09:00,Shop,Poster,1,$18.00,$0.00,$18.00,$1.00,T301,,
01/13/2025,09:00,Shop,Tee,1,$25.00,$0.00,$25.00,$1.00,T302,,user27@example.com
06/08/2025,09:00,Shop,Mug,1,$12.00,$0.00,$12.00,$1.00,T303,,
01/16/2026,09:00,Shop,Poster,1,$18.00,$0.00,$18.00,$1.00,T304,,user24@example.com
01/06/2025,09:00,Shop,Mug,1,$12.00,$0.00,$12.00,$1.00,T305,,
06/29/2025,09:00,Shop,Mug,1,$12.00,$0.00,$12.00,$1.00,T306,,
05/03/2025,09:00,Shop,Mug,1,$12.00,$0.00,$12.00,$1.00,T307,,user6@example.com
07/17/2025,09:00,Shop,Poster,1,$18.00,$0.00,$18.00,$1.00,T308,,
08/25/2025,09:00,Shop,Mug,1,$12.00,$0.00,$12.00,$1.00,T309,,user26@example.com
12/17/2025,09:00,Shop,Mug,1,$12.00,$0.00,$12.00,$1.00,T310,,
01/13/2025,09:00,Shop,Tee,1,$25.00,$0.00,$25.00,$1.00,T311,,
08/10/2025,09:00,Shop,Mug,1,$12.00,$0.00,$12.00,$1.00,T312,,
02/05/2025,09:00,Shop,Poster,1,$18.00,$0.00,$18.00,$1.00,T313,,
04/13/2025,09:00,Shop,Mug,1,$12.00,$0.00,$12.00,$1.00,T314,,user12@example.com
12/28/2025,09:00,Shop,Mug,1,$12.00,$0.00,$12.00,$1.00,T315,,user24@example.com
08/09/2026,09:00,Shop,Poster,1,$18.00,$0.00,$18.00,$1.00,T316,,user13@example.com
11/23/2025,09:00,Shop,Tee,1,$25.00,$0.00,$25.00,$1.00,T317,,user18@example.com
06/25/2025,09:00,Shop,Poster,1,$18.00,$0.00,$18.00,$1.00,T318,,user18@example.com
11/13/2025,09:00,Shop,Tee,1,$25.00,$0.00,$25.00,$1.00,T319,,
01/07/2026,09:00,Shop,Mug,1,$12.00,$0.00,$12.00,$1.00,T320,,user14@example.com
05/03/2025,09:00,Shop,Poster,1,$18.00,$0.00,$18.00,$1.00,T321,,user24@example.com
05/26/2025,09:00,Shop,Tee,1,$25.00,$0.00,$25.00,$1.00,T322,,user18@example.com
12/27/2025,09:00,Shop,Poster,1,$18.00,$0.00,$18.00,$1.00,T323,,
12/31/2025,09:00,Shop,Mug,1,$12.00,$0.00,$12.00,$1.00,T324,,
02/28/2025,09:00,Shop,Mug,1,$12.00,$0.00,$12.00,$1.00,T325,,user27@example.com
12/14/2025,09:00,Shop,Poster,1,$18.00,$0.00,$18.00,$1.00,T326,,user22@example.com
07/08/2026,09:00,Shop,Mug,1,$12.00,$0.00,$12.00,$1.00,T327,,user19@example.com
06/16/2026,09:00,Shop,Tee,1,$25.00,$0.00,$25.00,$1.00,T328,,user24@example.com
06/14/2026,09:00,Shop,Poster,1,$18.00,$0.00,$18.00,$1.00,T329,,user20@example.com
06/20/2025,09:00,Shop,Mug,1,$12.00,$0.00,$12.00,$1.00,T330,,
04/13/2025,09:00,Shop,Poster,1,$18.00,$0.00,$18.00,$1.00,T331,,
06/05/2025,09:00,Shop,Poster,1,$18.00,$0.00,$18.00,$1.00,T332,,user14@example.com
11/06/2025,09:00,Shop,Tee,1,$25.00,$0.00,$25.00,$1.00,T333,,user27@example.com
09/27/2025,09:00,Shop,Poster,1,$18.00,$0.00,$18.00,$1.00,T334,,
01/10/2026,09:00,Shop,Tee,1,$25.00,$0.00,$25.00,$1.00,T335,,user28@example.com
04/04/2026,09:00,Shop,Mug,1,$12.00,$0.00,$12.00,$1.00,T336,,user29@example.com
07/28/2026,09:00,Shop,Tee,1,$25.00,$0.00,$25.00,$1.00,T337,,user0@example.com
08/15/2026,09:00,Shop,Mug,1,$12.00,$0.00,$12.00,$1.00,T338,,user19@example.com
05/29/2026,09:00,Shop,Mug,1,$12.00,$0.00,$12.00,$1.00,T339,,
03/16/2025,09:00,Shop,Mug,1,$12.00,$0.00,$12.00,$1.00,T340,,user15@example.com
01/07/2026,09:00,Shop,Tee,1,$25.00,$0.00,$25.00,$1.00,T341,,user23@example.com
10/24/2025,09:00,Shop,Mug,1,$12.00,$0.00,$12.00,$1.00,T342,,user17@example.com
04/15/2025,09:00,Shop,Poster,1,$18.00,$0.00,$18.00,$1.00,T343,,user8@example.com
05/16/2026,09:00,Shop,Tee,1,$25.00,$0.00,$25.00,$1.00,T344,,
08/26/2025,09:00,Shop,Tee,1,$25.00,$0.00,$25.00,$1.00,T345,,user2@example.com
02/27/2025,09:00,Shop,Mug,1,$12.00,$0.00,$12.00,$1.00,T346,,user11@example.com
05/24/2026,09:00,Shop,Tee,1,$25.00,$0.00,$25.00,$1.00,T347,,
06/05/2026,09:00,Shop,Mug,1,$12.00,$0.00,$12.00,$1.00,T348,,user25@example.com
03/04/2025,09:00,Shop,Poster,1,$18.00,$0.00,$18.00,$1.00,T349,,
06/03/2025,09:00,Shop,Mug,1,$12.00,$0.00,$12.00,$1.00,T350,,user19@example.com
01/12/2025,09:00,Shop,Poster,1,$18.00,$0.00,$18.00,$1.00,T351,,
04/15/2026,09:00,Shop,Mug,1,$12.00,$0.00,$12.00,$1.00,T352,,
08/25/2025,09:00,Shop,Mug,1,$12.00,$0.00,$12.00,$1.00,T353,,
05/14/2025,09:00,Shop,Poster,1,$18.00,$0.00,$18.00,$1.00,T354,,
02/20/2026,09:00,Shop,Mug,1,$12.00,$0.00,$12.00,$1.00,T355,,
06/02/2025,09:00,Shop,Mug,1,$12.00,$0.00,$12.00,$1.00,T356,,user22@example.com
02/27/2025,09:00,Shop,Tee,1,$25.00,$0.00,$25.00,$1.00,T357,,user1@example.com
05/24/2026,09:00,Shop,Tee,1,$25.00,$0.00,$25.00,$1.00,T358,,user5@example.com
02/05/2025,09:00,Shop,Poster,1,$18.00,$0.00,$18.00,$1.00,T359,,
04/04/2026,09:00,Shop,Mug,1,$12.00,$0.00,$12.00,$1.00,T360,,user24@example.com
09/30/2025,09:00,Shop,Mug,1,$12.00,$0.00,$12.00,$1.00,T361,,user2@example.com
06/22/2026,09:00,Shop,Mug,1,$12.00,$0.00,$12.00,$1.00,T362,,user11@example.com
08/16/2025,09:00,Shop,Poster,1,$18.00,$0.00,$18.00,$1.00,T363,,
10/16/2025,09:00,Shop,Poster,1,$18.00,$0.00,$18.00,$1.00,T364,,user7@example.com
08/13/2026,09:00,Shop,Tee,1,$25.00,$0.00,$25.00,$1.00,T365,,user11@example.com
02/06/2025,09:00,Shop,Poster,1,$18.00,$0.00,$18.00,$1.00,T366,,user6@example.com
05/05/2026,09:00,Shop,Mug,1,$12.00,$0.00,$12.00,$1.00,T367,,
09/18/2025,09:00,Shop,Mug,1,$12.00,$0.00,$12.00,$1.00,T368,,
03/28/2025,09:00,Shop,Poster,1,$18.00,$0.00,$18.00,$1.00,T369,,user21@example.com
05/16/2025,09:00,Shop,Mug,1,$12.00,$0.00,$12.00,$1.00,T370,,user14@example.com
12/11/2025,09:00,Shop,Poster,1,$18.00,$0.00,$18.00,$1.00,T371,,user28@example.com
12/23/2025,09:00,Shop,Poster,1,$18.00,$0.00,$18.00,$1.00,T372,,
01/12/2025,09:00,Shop,Poster,1,$18.00,$0.00,$18.00,$1.00,T373,,user4@example.com
10/07/2025,09:00,Shop,Poster,1,$18.00,$0.00,$18.00,$1.00,T374,,
07/09/2025,09:00,Shop,Mug,1,$12.00,$0.00,$12.00,$1.00,T375,,
07/14/2026,09:00,Shop,Poster,1,$18.00,$0.00,$18.00,$1.00,T376,,
01/14/2026,09:00,Shop,Poster,1,$18.00,$0.00,$18.00,$1.00,T377,,user18@example.com
07/27/2026,09:00,Shop,Mug,1,$12.00,$0.00,$12.00,$1.00,T378,,
01/12/2025,09:00,Shop,Tee,1,$25.00,$0.00,$25.00,$1.00,T379,,
06/21/2025,09:00,Shop,Tee,1,$25.00,$0.00,$25.00,$1.00,T380,,
06/01/2026,09:00,Shop,Tee,1,$25.00,$0.00,$25.00,$1.00,T381,,
07/20/2026,09:00,Shop,Tee,1,$25.00,$0.00,$25.00,$1.00,T382,,
04/29/2026,09:00,Shop,Tee,1,$25.00,$0.00,$25.00,$1.00,T383,,user26@example.com
04/11/2025,09:00,Shop,Poster,1,$18.00,$0.00,$18.00,$1.00,T384,,user4@example.com
04/12/2025,09:00,Shop,Mug,1,$12.00,$0.00,$12.00,$1.00,T385,,user20@example.com
07/31/2025,09:00,Shop,Mug,1,$12.00,$0.00,$12.00,$1.00,T386,,
03/03/2025,09:00,Shop,Poster,1,$18.00,$0.00,$18.00,$1.00,T387,,user22@example.com
08/15/2025,09:00,Shop,Poster,1,$18.00,$0.00,$18.00,$1.00,T388,,user26@example.com
01/21/2026,09:00,Shop,Mug,1,$12.00,$0.00,$12.00,$1.00,T389,,
02/22/2025,09:00,Shop,Tee,1,$25.00,$0.00,$25.00,$1.00,T390,,
10/12/2025,09:00,Shop,Poster,1,$18.00,$0.00,$18.00,$1.00,T391,,
01/19/2026,09:00,Shop,Poster,1,$18.00,$0.00,$18.00,$1.00,T392,,user4@example.com
04/16/2025,09:00,Shop,Tee,1,$25.00,$0.00,$25.00,$1.00,T393,,user11@example.com
12/23/2025,09:00,Shop,Tee,1,$25.00,$0.00,$25.00,$1.00,T394,,user29@example.com
06/12/2025,09:00,Shop,Poster,1,$18.00,$0.00,$18.00,$1.00,T395,,user11@example.com
03/06/2026,09:00,Shop,Poster,1,$18.00,$0.00,$18.00,$1.00,T396,,
07/13/2025,09:00,Shop,Mug,1,$12.00,$0.00,$12.00,$1.00,T397,,
06/13/2025,09:00,Shop,Mug,1,$12.00,$0.00,$12.00,$1.00,T398,,
07/07/2025,09:00,Shop,Poster,1,$18.00,$0.00,$18.00,$1.00,T399,,user5@example.com
01/27/2025,09:00,Shop,Mug,1,$12.00,$0.00,$12.00,$1.00,T400,,user12@example.com
04/09/2026,09:00,Shop,Tee,1,$25.00,$0.00,$25.00,$1.00,T401,,user3@example.com
02/13/2026,09:00,Shop,Tee,1,$25.00,$0.00,$25.00,$1.00,T402,,user26@example.com
08/31/2025,09:00,Shop,Tee,1,$25.00,$0.00,$25.00,$1.00,T403,,user7@example.com
03/13/2025,09:00,Shop,Mug,1,$12.00,$0.00,$12.00,$1.00,T404,,user13@example.com
08/11/2025,09:00,Shop,Mug,1,$12.00,$0.00,$12.00,$1.00,T405,,user11@example.com
02/26/2026,09:00,Shop,Poster,1,$18.00,$0.00,$18.00,$1.00,T406,,
03/27/2026,09:00,Shop,Tee,1,$25.00,$0.00,$25.00,$1.00,T407,,user11@example.com
07/16/2025,09:00,Shop,Tee,1,$25.00,$0.00,$25.00,$1.00,T408,,user5@example.com
01/26/2026,09:00,Shop,Poster,1,$18.00,$0.00,$18.00,$1.00,T409,,user23@example.com
01/06/2026,09:00,Shop,Mug,1,$12.00,$0.00,$12.00,$1.00,T410,,
04/16/2026,09:00,Shop,Poster,1,$18.00,$0.00,$18.00,$1.00,T411,,
07/26/2026,09:00,Shop,Poster,1,$18.00,$0.00,$18.00,$1.00,T412,,user0@example.com
07/20/2025,09:00,Shop,Tee,1,$25.00,$0.00,$25.00,$1.00,T413,,user22@example.com
01/03/2026,09:00,Shop,Mug,1,$12.00,$0.00,$12.00,$1.00,T414,,user12@example.com
09/09/2025,09:00,Shop,Tee,1,$25.00,$0.00,$25.00,$1.00,T415,,user20@example.com
01/13/2026,09:00,Shop,Poster,1,$18.00,$0.00,$18.00,$1.00,T416,,
03/28/2026,09:00,Shop,Tee,1,$25.00,$0.00,$25.00,$1.00,T417,,
04/24/2025,09:00,Shop,Poster,1,$18.00,$0.00,$18.00,$1.00,T418,,
02/06/2025,09:00,Shop,Poster,1,$18.00,$0.00,$18.00,$1.00,T419,,user13@example.com
12/17/2025,09:00,Shop,Mug,1,$12.00,$0.00,$12.00,$1.00,T420,,user27@example.com
09/16/2025,09:00,Shop,Poster,1,$18.00,$0.00,$18.00,$1.00,T421,,
09/07/2025,09:00,Shop,Mug,1,$12.00,$0.00,$12.00,$1.00,T422,,user19@example.com
04/07/2025,09:00,Shop,Tee,1,$25.00,$0.00,$25.00,$1.00,T423,,
06/01/2025,09:00,Shop,Tee,1,$25.00,$0.00,$25.00,$1.00,T424,,user23@example.com
06/14/2026,09:00,Shop,Mug,1,$12.00,$0.00,$12.00,$1.00,T425,,user19@example.com
03/15/2025,09:00,Shop,Tee,1,$25.00,$0.00,$25.00,$1.00,T426,,
06/17/2025,09:00,Shop,Mug,1,$12.00,$0.00,$12.00,$1.00,T427,,
01/02/2025,09:00,Shop,Poster,1,$18.00,$0.00,$18.00,$1.00,T428,,user1@example.com
07/23/2025,09:00,Shop,Mug,1,$12.00,$0.00,$12.00,$1.00,T429,,user20@example.com
04/04/2025,09:00,Shop,Poster,1,$18.00,$0.00,$18.00,$1.00,T430,,user24@example.com
02/25/2026,09:00,Shop,Poster,1,$18.00,$0.00,$18.00,$1.00,T431,,
01/23/2026,09:00,Shop,Poster,1,$18.00,$0.00,$18.00,$1.00,T432,,
12/17/2025,09:00,Shop,Tee,1,$25.00,$0.00,$25.00,$1.00,T433,,user28@example.com
10/16/2025,09:00,Shop,Poster,1,$18.00,$0.00,$18.00,$1.00,T434,,user22@example.com
07/14/2025,09:00,Shop,Mug,1,$12.00,$0.00,$12.00,$1.00,T435,,
11/02/2025,09:00,Shop,Poster,1,$18.00,$0.00,$18.00,$1.00,T436,,user6@example.com
05/15/2026,09:00,Shop,Tee,1,$25.00,$0.00,$25.00,$1.00,T437,,user25@example.com
07/09/2025,09:00,Shop,Poster,1,$18.00,$0.00,$18.00,$1.00,T438,,user2@example.com
03/28/2025,09:00,Shop,Tee,1,$25.00,$0.00,$25.00,$1.00,T439,,
03/03/2025,09:00,Shop,Tee,1,$25.00,$0.00,$25.00,$1.00,T440,,user9@example.com
08/18/2026,09:00,Shop,Poster,1,$18.00,$0.00,$18.00,$1.00,T441,,user8@example.com
07/07/2025,09:00,Shop,Poster,1,$18.00,$0.00,$18.00,$1.00,T442,,user4@example.com
02/07/2026,09:00,Shop,Poster,1,$18.00,$0.00,$18.00,$1.00,T443,,user12@example.com
06/18/2026,09:00,Shop,Tee,1,$25.00,$0.00,$25.00,$1.00,T444,,
12/30/2025,09:00,Shop,Poster,1,$18.00,$0.00,$18.00,$1.00,T445,,
03/01/2026,09:00,Shop,Mug,1,$12.00,$0.00,$12.00,$1.00,T446,,user26@example.com
10/09/2025,09:00,Shop,Mug,1,$12.00,$0.00,$12.00,$1.00,T447,,
01/19/2026,09:00,Shop,Poster,1,$18.00,$0.00,$18.00,$1.00,T448,,
01/09/2025,09:00,Shop,Poster,1,$18.00,$0.00,$18.00,$1.00,T449,,user18@example.com
10/22/2025,09:00,Shop,Poster,1,$18.00,$0.00,$18.00,$1.00,T450,,
10/02/2025,09:00,Shop,Mug,1,$12.00,$0.00,$12.00,$1.00,T451,,user13@example.com
04/22/2026,09:00,Shop,Mug,1,$12.00,$0.00,$12.00,$1.00,T452,,
10/05/2025,09:00,Shop,Mug,1,$12.00,$0.00,$12.00,$1.00,T453,,
03/31/2025,09:00,Shop,Mug,1,$12.00,$0.00,$12.00,$1.00,T454,,
03/10/2025,09:00,Shop,Tee,1,$25.00,$0.00,$25.00,$1.00,T455,,user8@example.com
05/14/2026,09:00,Shop,Tee,1,$25.00,$0.00,$25.00,$1.00,T456,,
02/03/2026,09:00,Shop,Mug,1,$12.00,$0.00,$12.00,$1.00,T457,,
02/24/2025,09:00,Shop,Tee,1,$25.00,$0.00,$25.00,$1.00,T458,,user10@example.com
02/23/2025,09:00,Shop,Tee,1,$25.00,$0.00,$25.00,$1.00,T459,,user29@example.com
02/15/2025,09:00,Shop,Mug,1,$12.00,$0.00,$12.00,$1.00,T460,,
07/15/2025,09:00,Shop,Mug,1,$12.00,$0.00,$12.00,$1.00,T461,,
06/15/2025,09:00,Shop,Mug,1,$12.00,$0.00,$12.00,$1.00,T462,,user8@example.com
01/20/2025,09:00,Shop,Tee,1,$25.00,$0.00,$25.00,$1.00,T463,,
01/18/2025,09:00,Shop,Tee,1,$25.00,$0.00,$25.00,$1.00,T464,,
01/12/2026,09:00,Shop,Tee,1,$25.00,$0.00,$25.00,$1.00,T465,,user21@example.com
06/04/2025,09:00,Shop,Tee,1,$25.00,$0.00,$25.00,$1.00,T466,,user20@example.com
06/29/2026,09:00,Shop,Poster,1,$18.00,$0.00,$18.00,$1.00,T467,,user21@example.com
03/02/2025,09:00,Shop,Tee,1,$25.00,$0.00,$25.00,$1.00,T468,,user29@example.com
06/16/2025,09:00,Shop,Mug,1,$12.00,$0.00,$12.00,$1.00,T469,,user0@example.com
01/28/2025,09:00,Shop,Tee,1,$25.00,$0.00,$25.00,$1.00,T470,,
04/17/2025,09:00,Shop,Mug,1,$12.00,$0.00,$12.00,$1.00,T471,,user24@example.com
06/24/2026,09:00,Shop,Tee,1,$25.00,$0.00,$25.00,$1.00,T472,,
04/23/2025,09:00,Shop,Tee,1,$25.00,$0.00,$25.00,$1.00,T473,,
03/23/2026,09:00,Shop,Mug,1,$12.00,$0.00,$12.00,$1.00,T474,,
04/16/2026,09:00,Shop,Mug,1,$12.00,$0.00,$12.00,$1.00,T475,,user2@example.com
07/20/2026,09:00,Shop,Mug,1,$12.00,$0.00,$12.00,$1.00,T476,,
10/28/2025,09:00,Shop,Tee,1,$25.00,$0.00,$25.00,$1.00,T477,,user4@example.com
12/09/2025,09:00,Shop,Tee,1,$25.00,$0.00,$25.00,$1.00,T478,,
02/16/2026,09:00,Shop,Mug,1,$12.00,$0.00,$12.00,$1.00,T479,,
10/03/2025,09:00,Shop,Mug,1,$12.00,$0.00,$12.00,$1.00,T480,,user13@example.com
01/14/2025,09:00,Shop,Mug,1,$12.00,$0.00,$12.00,$1.00,T481,,user28@example.com
02/24/2025,09:00,Shop,Poster,1,$18.00,$0.00,$18.00,$1.00,T482,,
02/26/2026,09:00,Shop,Poster,1,$18.00,$0.00,$18.00,$1.00,T483,,user6@example.com
07/19/2026,09:00,Shop,Mug,1,$12.00,$0.00,$12.00,$1.00,T484,,
06/22/2025,09:00,Shop,Poster,1,$18.00,$0.00,$18.00,$1.00,T485,,
04/17/2026,09:00,Shop,Mug,1,$12.00,$0.00,$12.00,$1.00,T486,,user0@example.com
07/16/2026,09:00,Shop,Mug,1,$12.00,$0.00,$12.00,$1.00,T487,,user9@example.com
08/20/2025,09:00,Shop,Mug,1,$12.00,$0.00,$12.00,$1.00,T488,,
02/02/2025,09:00,Shop,Poster,1,$18.00,$0.00,$18.00,$1.00,T489,,
08/29/2025,09:00,Shop,Poster,1,$18.00,$0.00,$18.00,$1.00,T490,,
03/22/2026,09:00,Shop,Poster,1,$18.00,$0.00,$18.00,$1.00,T491,,user6@example.com
05/14/2026,09:00,Shop,Tee,1,$25.00,$0.00,$25.00,$1.00,T492,,user21@example.com
06/17/2025,09:00,Shop,Poster,1,$18.00,$0.00,$18.00,$1.00,T493,,
08/06/2025,09:00,Shop,Mug,1,$12.00,$0.00,$12.00,$1.00,T494,,user5@example.com
08/11/2025,09:00,Shop,Mug,1,$12.00,$0.00,$12.00,$1.00,T495,,
11/05/2025,09:00,Shop,Mug,1,$12.00,$0.00,$12.00,$1.00,T496,,user5@example.com
08/02/2025,09:00,Shop,Mug,1,$12.00,$0.00,$12.00,$1.00,T497,,
03/19/2025,09:00,Shop,Tee,1,$25.00,$0.00,$25.00,$1.00,T498,,
09/22/2025,09:00,Shop,Tee,1,$25.00,$0.00,$25.00,$1.00,T499,,user15@example.com
05/25/2025,09:00,Shop,Mug,1,$12.00,$0.00,$12.00,$1.00,T500,,
09/02/2025,09:00,Shop,Tee,1,$25.00,$0.00,$25.00,$1.00,T501,,user4@example.com
01/16/2026,09:00,Shop,Poster,1,$18.00,$0.00,$18.00,$1.00,T502,,
06/27/2025,09:00,Shop,Mug,1,$12.00,$0.00,$12.00,$1.00,T503,,
07/08/2026,09:00,Shop,Poster,1,$18.00,$0.00,$18.00,$1.00,T504,,user2@example.com
10/13/2025,09:00,Shop,Mug,1,$12.00,$0.00,$12.00,$1.00,T505,,
08/23/2026,09:00,Shop,Tee,1,$25.00,$0.00,$25.00,$1.00,T506,,user26@example.com
07/16/2025,09:00,Shop,Poster,1,$18.00,$0.00,$18.00,$1.00,T507,,user7@example.com
12/28/2025,09:00,Shop,Poster,1,$18.00,$0.00,$18.00,$1.00,T508,,user21@example.com
05/28/2026,09:00,Shop,Poster,1,$18.00,$0.00,$18.00,$1.00,T509,,
09/22/2025,09:00,Shop,Mug,1,$12.00,$0.00,$12.00,$1.00,T510,,
08/16/2026,09:00,Shop,Tee,1,$25.00,$0.00,$25.00,$1.00,T511,,user18@example.com
05/15/2026,09:00,Shop,Poster,1,$18.00,$0.00,$18.00,$1.00,T512,,user20@example.com
06/01/2026,09:00,Shop,Poster,1,$18.00,$0.00,$18.00,$1.00,T513,,
03/15/2026,09:00,Shop,Mug,1,$12.00,$0.00,$12.00,$1.00,T514,,user3@example.com
03/08/2025,09:00,Shop,Mug,1,$12.00,$0.00,$12.00,$1.00,T515,,user19@example.com
03/08/2026,09:00,Shop,Poster,1,$18.00,$0.00,$18.00,$1.00,T516,,user24@example.com
01/17/2026,09:00,Shop,Tee,1,$25.00,$0.00,$25.00,$1.00,T517,,
04/02/2025,09:00,Shop,Poster,1,$18.00,$0.00,$18.00,$1.00,T518,,user9@example.com
07/25/2026,09:00,Shop,Poster,1,$18.00,$0.00,$18.00,$1.00,T519,,
03/28/2026,09:00,Shop,Poster,1,$18.00,$0.00,$18.00,$1.00,T520,,user26@example.com
08/19/2025,09:00,Shop,Poster,1,$18.00,$0.00,$18.00,$1.00,T521,,user16@example.com
03/01/2026,09:00,Shop,Tee,1,$25.00,$0.00,$25.00,$1.00,T522,,
11/16/2025,09:00,Shop,Mug,1,$12.00,$0.00,$12.00,$1.00,T523,,user2@example.com
04/26/2025,09:00,Shop,Poster,1,$18.00,$0.00,$18.00,$1.00,T524,,user6@example.com
03/25/2026,09:00,Shop,Mug,1,$12.00,$0.00,$12.00,$1.00,T525,,
05/02/2026,09:00,Shop,Poster,1,$18.00,$0.00,$18.00,$1.00,T526,,user22@example.com
10/10/2025,09:00,Shop,Mug,1,$12.00,$0.00,$12.00,$1.00,T527,,user20@example.com
01/27/2026,09:00,Shop,Mug,1,$12.00,$0.00,$12.00,$1.00,T528,,user10@example.com
06/17/2026,09:00,Shop,Poster,1,$18.00,$0.00,$18.00,$1.00,T529,,
04/05/2026,09:00,Shop,Poster,1,$18.00,$0.00,$18.00,$1.00,T530,,
04/01/2025,09:00,Shop,Tee,1,$25.00,$0.00,$25.00,$1.00,T531,,user21@example.com
08/01/2026,09:00,Shop,Mug,1,$12.00,$0.00,$12.00,$1.00,T532,,user20@example.com
04/11/2025,09:00,Shop,Mug,1,$12.00,$0.00,$12.00,$1.00,T533,,
09/07/2025,09:00,Shop,Tee,1,$25.00,$0.00,$25.00,$1.00,T534,,user15@example.com
05/13/2026,09:00,Shop,Tee,1,$25.00,$0.00,$25.00,$1.00,T535,,user2@example.com
06/20/2025,09:00,Shop,Mug,1,$12.00,$0.00,$12.00,$1.00,T536,,user0@example.com
03/15/2026,09:00,Shop,Poster,1,$18.00,$0.00,$18.00,$1.00,T537,,user21@example.com
11/09/2025,09:00,Shop,Poster,1,$18.00,$0.00,$18.00,$1.00,T538,,
09/09/2025,09:00,Shop,Tee,1,$25.00,$0.00,$25.00,$1.00,T539,,user9@example.com
03/14/2025,09:00,Shop,Poster,1,$18.00,$0.00,$18.00,$1.00,T540,,user12@example.com
02/05/2025,09:00,Shop,Mug,1,$12.00,$0.00,$12.00,$1.00,T541,,
01/02/2026,09:00,Shop,Tee,1,$25.00,$0.00,$25.00,$1.00,T542,,
09/27/2025,09:00,Shop,Mug,1,$12.00,$0.00,$12.00,$1.00,T543,,user10@example.com
08/03/2025,09:00,Shop,Tee,1,$25.00,$0.00,$25.00,$1.00,T544,,
06/24/2026,09:00,Shop,Mug,1,$12.00,$0.00,$12.00,$1.00,T545,,user11@example.com
09/02/2025,09:00,Shop,Tee,1,$25.00,$0.00,$25.00,$1.00,T546,,user9@example.com
10/16/2025,09:00,Shop,Poster,1,$18.00,$0.00,$18.00,$1.00,T547,,user20@example.com
06/14/2025,09:00,Shop,Poster,1,$18.00,$0.00,$18.00,$1.00,T548,,user20@example.com
07/10/2026,09:00,Shop,Poster,1,$18.00,$0.00,$18.00,$1.00,T549,,
10/16/2025,09:00,Shop,Mug,1,$12.00,$0.00,$12.00,$1.00,T550,,user12@example.com
06/20/2025,09:00,Shop,Tee,1,$25.00,$0.00,$25.00,$1.00,T551,,user2@example.com
05/26/2025,09:00,Shop,Mug,1,$12.00,$0.00,$12.00,$1.00,T552,,user1@example.com
03/23/2026,09:00,Shop,Mug,1,$12.00,$0.00,$12.00,$1.00,T553,,user22@example.com
04/05/2026,09:00,Shop,Mug,1,$12.00,$0.00,$12.00,$1.00,T554,,user27@example.com
08/10/2025,09:00,Shop,Mug,1,$12.00,$0.00,$12.00,$1.00,T555,,
01/02/2026,09:00,Shop,Poster,1,$18.00,$0.00,$18.00,$1.00,T556,,user11@example.com
03/12/2025,09:00,Shop,Poster,1,$18.00,$0.00,$18.00,$1.00,T557,,user16@example.com
01/16/2026,09:00,Shop,Tee,1,$25.00,$0.00,$25.00,$1.00,T558,,user3@example.com
06/15/2026,09:00,Shop,Tee,1,$25.00,$0.00,$25.00,$1.00,T559,,
06/09/2025,09:00,Shop,Poster,1,$18.00,$0.00,$18.00,$1.00,T560,,
05/08/2026,09:00,Shop,Poster,1,$18.00,$0.00,$18.00,$1.00,T561,,user3@example.com
04/22/2026,09:00,Shop,Poster,1,$18.00,$0.00,$18.00,$1.00,T562,,
03/04/2026,09:00,Shop,Poster,1,$18.00,$0.00,$18.00,$1.00,T563,,user5@example.com
01/19/2025,09:00,Shop,Mug,1,$12.00,$0.00,$12.00,$1.00,T564,,
02/14/2025,09:00,Shop,Mug,1,$12.00,$0.00,$12.00,$1.00,T565,,user1@example.com
08/09/2025,09:00,Shop,Tee,1,$25.00,$0.00,$25.00,$1.00,T566,,user13@example.com
04/07/2026,09:00,Shop,Mug,1,$12.00,$0.00,$12.00,$1.00,T567,,
02/20/2025,09:00,Shop,Mug,1,$12.00,$0.00,$12.00,$1.00,T568,,user19@example.com
07/25/2025,09:00,Shop,Poster,1,$18.00,$0.00,$18.00,$1.00,T569,,
07/03/2025,09:00,Shop,Mug,1,$12.00,$0.00,$12.00,$1.00,T570,,
07/23/2025,09:00,Shop,Tee,1,$25.00,$0.00,$25.00,$1.00,T571,,
08/09/2025,09:00,Shop,Poster,1,$18.00,$0.00,$18.00,$1.00,T572,,user8@example.com
08/05/2026,09:00,Shop,Poster,1,$18.00,$0.00,$18.00,$1.00,T573,,user6@example.com
11/18/2025,09:00,Shop,Mug,1,$12.00,$0.00,$12.00,$1.00,T574,,
04/21/2026,09:00,Shop,Poster,1,$18.00,$0.00,$18.00,$1.00,T575,,
01/24/2025,09:00,Shop,Poster,1,$18.00,$0.00,$18.00,$1.00,T576,,
03/11/2025,09:00,Shop,Mug,1,$12.00,$0.00,$12.00,$1.00,T577,,user29@example.com
11/24/2025,09:00,Shop,Poster,1,$18.00,$0.00,$18.00,$1.00,T578,,user22@example.com
12/21/2025,09:00,Shop,Tee,1,$25.00,$0.00,$25.00,$1.00,T579,,user9@example.com
05/08/2025,09:00,Shop,Mug,1,$12.00,$0.00,$12.00,$1.00,T580,,user29@example.com
11/30/2025,09:00,Shop,Mug,1,$12.00,$0.00,$12.00,$1.00,T581,,
03/13/2025,09:00,Shop,Tee,1,$25.00,$0.00,$25.00,$1.00,T582,,user1@example.com
06/01/2026,09:00,Shop,Tee,1,$25.00,$0.00,$25.00,$1.00,T583,,user0@example.com
05/19/2025,09:00,Shop,Tee,1,$25.00,$0.00,$25.00,$1.00,T584,,user17@example.com
11/08/2025,09:00,Shop,Mug,1,$12.00,$0.00,$12.00,$1.00,T585,,
05/02/2026,09:00,Shop,Mug,1,$12.00,$0.00,$12.00,$1.00,T586,,
06/02/2025,09:00,Shop,Mug,1,$12.00,$0.00,$12.00,$1.00,T587,,
02/26/2026,09:00,Shop,Mug,1,$12.00,$0.00,$12.00,$1.00,T588,,user15@example.com
04/30/2025,09:00,Shop,Poster,1,$18.00,$0.00,$18.00,$1.00,T589,,user24@example.com
07/05/2026,09:00,Shop,Poster,1,$18.00,$0.00,$18.00,$1.00,T590,,user1@example.com
08/20/2026,09:00,Shop,Tee,1,$25.00,$0.00,$25.00,$1.00,T591,,user0@example.com
01/24/2025,09:00,Shop,Mug,1,$12.00,$0.00,$12.00,$1.00,T592,,
01/30/2026,09:00,Shop,Tee,1,$25.00,$0.00,$25.00,$1.00,T593,,
01/08/2026,09:00,Shop,Poster,1,$18.00,$0.00,$18.00,$1.00,T594,,user0@example.com
08/07/2025,09:00,Shop,Poster,1,$18.00,$0.00,$18.00,$1.00,T595,,
03/16/2026,09:00,Shop,Mug,1,$12.00,$0.00,$12.00,$1.00,T596,,
04/09/2026,09:00,Shop,Poster,1,$18.00,$0.00,$18.00,$1.00,T597,,
02/20/2025,09:00,Shop,Mug,1,$12.00,$0.00,$12.00,$1.00,T598,,
10/04/2025,09:00,Shop,Poster,1,$18.00,$0.00,$18.00,$1.00,T599,,user2@example.com
04/10/2025,09:00,Shop,Tee,1,$25.00,$0.00,$25.00,$1.00,T600,,user6@example.com
02/19/2025,09:00,Shop,Tee,1,$25.00,$0.00,$25.00,$1.00,T601,,
05/17/2026,09:00,Shop,Mug,1,$12.00,$0.00,$12.00,$1.00,T602,,user7@example.com
05/16/2026,09:00,Shop,Tee,1,$25.00,$0.00,$25.00,$1.00,T603,,user11@example.com
03/03/2025,09:00,Shop,Mug,1,$12.00,$0.00,$12.00,$1.00,T604,,
04/21/2026,09:00,Shop,Mug,1,$12.00,$0.00,$12.00,$1.00,T605,,user11@example.com
12/12/2025,09:00,Shop,Tee,1,$25.00,$0.00,$25.00,$1.00,T606,,
07/02/2026,09:00,Shop,Mug,1,$12.00,$0.00,$12.00,$1.00,T607,,
05/15/2026,09:00,Shop,Poster,1,$18.00,$0.00,$18.00,$1.00,T608,,user23@example.com
09/21/2025,09:00,Shop,Poster,1,$18.00,$0.00,$18.00,$1.00,T609,,
11/01/2025,09:00,Shop,Tee,1,$25.00,$0.00,$25.00,$1.00,T610,,user11@example.com
11/06/2025,09:00,Shop,Poster,1,$18.00,$0.00,$18.00,$1.00,T611,,user1@example.com
06/30/2025,09:00,Shop,Mug,1,$12.00,$0.00,$12.00,$1.00,T612,,user6@example.com
02/03/2026,09:00,Shop,Mug,1,$12.00,$0.00,$12.00,$1.00,T613,,user7@example.com
10/30/2025,09:00,Shop,Poster,1,$18.00,$0.00,$18.00,$1.00,T614,,user6@example.com
09/17/2025,09:00,Shop,Poster,1,$18.00,$0.00,$18.00,$1.00,T615,,user14@example.com
06/27/2025,09:00,Shop,Poster,1,$18.00,$0.00,$18.00,$1.00,T616,,user23@example.com
04/20/2025,09:00,Shop,Tee,1,$25.00,$0.00,$25.00,$1.00,T617,,user6@example.com
11/27/2025,09:00,Shop,Poster,1,$18.00,$0.00,$18.00,$1.00,T618,,
03/09/2025,09:00,Shop,Tee,1,$25.00,$0.00,$25.00,$1.00,T619,,
03/21/2026,09:00,Shop,Mug,1,$12.00,$0.00,$12.00,$1.00,T620,,
04/25/2025,09:00,Shop,Tee,1,$25.00,$0.00,$25.00,$1.00,T621,,
04/29/2026,09:00,Shop,Tee,1,$25.00,$0.00,$25.00,$1.00,T622,,user24@example.com
04/22/2026,09:00,Shop,Tee,1,$25.00,$0.00,$25.00,$1.00,T623,,user24@example.com
01/28/2026,09:00,Shop,Mug,1,$12.00,$0.00,$12.00,$1.00,T624,,user24@example.com
12/08/2025,09:00,Shop,Poster,1,$18.00,$0.00,$18.00,$1.00,T625,,
01/11/2025,09:00,Shop,Mug,1,$12.00,$0.00,$12.00,$1.00,T626,,user11@example.com
05/20/2026,09:00,Shop,Tee,1,$25.00,$0.00,$25.00,$1.00,T627,,user1@example.com
03/29/2025,09:00,Shop,Poster,1,$18.00,$0.00,$18.00,$1.00,T628,,user24@example.com
06/04/2026,09:00,Shop,Poster,1,$18.00,$0.00,$18.00,$1.00,T629,,user21@example.com
02/10/2025,09:00,Shop,Mug,1,$12.00,$0.00,$12.00,$1.00,T630,,
01/01/2025,09:00,Shop,Tee,1,$25.00,$0.00,$25.00,$1.00,T631,,
06/27/2026,09:00,Shop,Mug,1,$12.00,$0.00,$12.00,$1.00,T632,,user28@example.com
11/06/2025,09:00,Shop,Poster,1,$18.00,$0.00,$18.00,$1.00,T633,,user26@example.com
03/21/2025,09:00,Shop,Poster,1,$18.00,$0.00,$18.00,$1.00,T634,,
07/29/2025,09:00,Shop,Tee,1,$25.00,$0.00,$25.00,$1.00,T635,,user20@example.com
05/19/2026,09:00,Shop,Tee,1,$25.00,$0.00,$25.00,$1.00,T636,,
02/05/2026,09:00,Shop,Poster,1,$18.00,$0.00,$18.00,$1.00,T637,,
02/01/2025,09:00,Shop,Poster,1,$18.00,$0.00,$18.00,$1.00,T638,,
06/26/2026,09:00,Shop,Poster,1,$18.00,$0.00,$18.00,$1.00,T639,,
04/15/2025,09:00,Shop,Mug,1,$12.00,$0.00,$12.00,$1.00,T640,,
02/19/2026,09:00,Shop,Poster,1,$18.00,$0.00,$18.00,$1.00,T641,,user9@example.com
09/18/2025,09:00,Shop,Mug,1,$12.00,$0.00,$12.00,$1.00,T642,,
05/21/2025,09:00,Shop,Tee,1,$25.00,$0.00,$25.00,$1.00,T643,,
07/16/2026,09:00,Shop,Poster,1,$18.00,$0.00,$18.00,$1.00,T644,,user6@example.com
06/11/2025,09:00,Shop,Poster,1,$18.00,$0.00,$18.00,$1.00,T645,,
05/20/2026,09:00,Shop,Mug,1,$12.00,$0.00,$12.00,$1.00,T646,,user19@example.com
02/08/2025,09:00,Shop,Poster,1,$18.00,$0.00,$18.00,$1.00,T647,,
04/10/2025,09:00,Shop,Tee,1,$25.00,$0.00,$25.00,$1.00,T648,,
06/10/2025,09:00,Shop,Tee,1,$25.00,$0.00,$25.00,$1.00,T649,,user16@example.com
12/27/2025,09:00,Shop,Tee,1,$25.00,$0.00,$25.00,$1.00,T650,,user20@example.com
09/17/2025,09:00,Shop,Mug,1,$12.00,$0.00,$12.00,$1.00,T651,,
08/08/2025,09:00,Shop,Poster,1,$18.00,$0.00,$18.00,$1.00,T652,,
07/07/2026,09:00,Shop,Mug,1,$12.00,$0.00,$12.00,$1.00,T653,,
06/10/2025,09:00,Shop,Tee,1,$25.00,$0.00,$25.00,$1.00,T654,,user7@example.com
07/27/2025,09:00,Shop,Mug,1,$12.00,$0.00,$12.00,$1.00,T655,,
05/21/2025,09:00,Shop,Poster,1,$18.00,$0.00,$18.00,$1.00,T656,,
08/20/2026,09:00,Shop,Poster,1,$18.00,$0.00,$18.00,$1.00,T657,,
04/10/2026,09:00,Shop,Poster,1,$18.00,$0.00,$18.00,$1.00,T658,,
07/24/2026,09:00,Shop,Mug,1,$12.00,$0.00,$12.00,$1.00,T659,,
07/27/2026,09:00,Shop,Mug,1,$12.00,$0.00,$12.00,$1.00,T660,,user11@example.com
03/04/2026,09:00,Shop,Tee,1,$25.00,$0.00,$25.00,$1.00,T661,,
06/19/2025,09:00,Shop,Mug,1,$12.00,$0.00,$12.00,$1.00,T662,,user21@example.com
01/13/2025,09:00,Shop,Tee,1,$25.00,$0.00,$25.00,$1.00,T663,,
06/24/2025,09:00,Shop,Mug,1,$12.00,$0.00,$12.00,$1.00,T664,,user23@example.com
09/10/2025,09:00,Shop,Poster,1,$18.00,$0.00,$18.00,$1.00,T665,,
02/13/2025,09:00,Shop,Poster,1,$18.00,$0.00,$18.00,$1.00,T666,,
03/05/2026,09:00,Shop,Poster,1,$18.00,$0.00,$18.00,$1.00,T667,,user10@example.com
12/01/2025,09:00,Shop,Poster,1,$18.00,$0.00,$18.00,$1.00,T668,,user13@example.com
09/07/2025,09:00,Shop,Tee,1,$25.00,$0.00,$25.00,$1.00,T669,,user18@example.com
10/04/2025,09:00,Shop,Poster,1,$18.00,$0.00,$18.00,$1.00,T670,,
06/16/2026,09:00,Shop,Poster,1,$18.00,$0.00,$18.00,$1.00,T671,,
08/05/2026,09:00,Shop,Poster,1,$18.00,$0.00,$18.00,$1.00,T672,,
08/18/2025,09:00,Shop,Mug,1,$12.00,$0.00,$12.00,$1.00,T673,,
03/09/2025,09:00,Shop,Poster,1,$18.00,$0.00,$18.00,$1.00,T674,,user15@example.com
04/11/2026,09:00,Shop,Mug,1,$12.00,$0.00,$12.00,$1.00,T675,,user24@example.com
06/22/2025,09:00,Shop,Mug,1,$12.00,$0.00,$12.00,$1.00,T676,,
04/07/2025,09:00,Shop,Poster,1,$18.00,$0.00,$18.00,$1.00,T677,,user3@example.com
02/04/2025,09:00,Shop,Poster,1,$18.00,$0.00,$18.00,$1.00,T678,,user3@example.com
05/26/2026,09:00,Shop,Tee,1,$25.00,$0.00,$25.00,$1.00,T679,,
01/25/2025,09:00,Shop,Tee,1,$25.00,$0.00,$25.00,$1.00,T680,,user16@example.com
10/18/2025,09:00,Shop,Tee,1,$25.00,$0.00,$25.00,$1.00,T681,,
01/26/2026,09:00,Shop,Tee,1,$25.00,$0.00,$25.00,$1.00,T682,,user7@example.com
03/31/2025,09:00,Shop,Tee,1,$25.00,$0.00,$25.00,$1.00,T683,,
01/22/2026,09:00,Shop,Tee,1,$25.00,$0.00,$25.00,$1.00,T684,,user12@example.com
08/29/2025,09:00,Shop,Poster,1,$18.00,$0.00,$18.00,$1.00,T685,,user9@example.com
03/12/2025,09:00,Shop,Poster,1,$18.00,$0.00,$18.00,$1.00,T686,,
10/24/2025,09:00,Shop,Mug,1,$12.00,$0.00,$12.00,$1.00,T687,,user6@example.com
12/25/2025,09:00,Shop,Tee,1,$25.00,$0.00,$25.00,$1.00,T688,,user8@example.com
08/15/2025,09:00,Shop,Tee,1,$25.00,$0.00,$25.00,$1.00,T689,,user22@example.com
06/13/2025,09:00,Shop,Poster,1,$18.00,$0.00,$18.00,$1.00,T690,,
04/17/2025,09:00,Shop,Mug,1,$12.00,$0.00,$12.00,$1.00,T691,,
07/21/2025,09:00,Shop,Tee,1,$25.00,$0.00,$25.00,$1.00,T692,,user15@example.com
03/09/2025,09:00,Shop,Mug,1,$12.00,$0.00,$12.00,$1.00,T693,,user21@example.com
01/22/2026,09:00,Shop,Mug,1,$12.00,$0.00,$12.00,$1.00,T694,,user23@example.com
03/20/2025,09:00,Shop,Tee,1,$25.00,$0.00,$25.00,$1.00,T695,,user29@example.com
12/06/2025,09:00,Shop,Poster,1,$18.00,$0.00,$18.00,$1.00,T696,,user18@example.com
12/07/2025,09:00,Shop,Poster,1,$18.00,$0.00,$18.00,$1.00,T697,,
06/19/2026,09:00,Shop,Mug,1,$12.00,$0.00,$12.00,$1.00,T698,,
03/30/2025,09:00,Shop,Mug,1,$12.00,$0.00,$12.00,$1.00,T699,,user10@example.com
01/21/2025,09:00,Shop,Mug,1,$12.00,$0.00,$12.00,$1.00,T700,,user15@example.com
07/29/2025,09:00,Shop,Poster,1,$18.00,$0.00,$18.00,$1.00,T701,,
03/19/2026,09:00,Shop,Tee,1,$25.00,$0.00,$25.00,$1.00,T702,,
07/09/2025,09:00,Shop,Mug,1,$12.00,$0.00,$12.00,$1.00,T703,,user24@example.com
06/23/2026,09:00,Shop,Poster,1,$18.00,$0.00,$18.00,$1.00,T704,,user0@example.com
07/21/2025,09:00,Shop,Mug,1,$12.00,$0.00,$12.00,$1.00,T705,,user13@example.com
06/13/2025,09:00,Shop,Tee,1,$25.00,$0.00,$25.00,$1.00,T706,,user13@example.com
11/21/2025,09:00,Shop,Mug,1,$12.00,$0.00,$12.00,$1.00,T707,,user16@example.com
12/22/2025,09:00,Shop,Tee,1,$25.00,$0.00,$25.00,$1.00,T708,,
11/22/2025,09:00,Shop,Mug,1,$12.00,$0.00,$12.00,$1.00,T709,,user29@example.com
07/24/2025,09:00,Shop,Poster,1,$18.00,$0.00,$18.00,$1.00,T710,,user7@example.com
04/18/2026,09:00,Shop,Mug,1,$12.00,$0.00,$12.00,$1.00,T711,,user24@example.com
01/22/2026,09:00,Shop,Mug,1,$12.00,$0.00,$12.00,$1.00,T712,,user20@example.com
12/14/2025,09:00,Shop,Mug,1,$12.00,$0.00,$12.00,$1.00,T713,,
04/24/2026,09:00,Shop,Tee,1,$25.00,$0.00,$25.00,$1.00,T714,,
01/05/2025,09:00,Shop,Tee,1,$25.00,$0.00,$25.00,$1.00,T715,,user22@example.com
05/08/2026,09:00,Shop,Tee,1,$25.00,$0.00,$25.00,$1.00,T716,,user3@example.com
03/30/2026,09:00,Shop,Tee,1,$25.00,$0.00,$25.00,$1.00,T717,,
08/17/2026,09:00,Shop,Poster,1,$18.00,$0.00,$18.00,$1.00,T718,,
05/15/2026,09:00,Shop,Poster,1,$18.00,$0.00,$18.00,$1.00,T719,,
10/22/2025,09:00,Shop,Mug,1,$12.00,$0.00,$12.00,$1.00,T720,,
04/19/2026,09:00,Shop,Mug,1,$12.00,$0.00,$12.00,$1.00,T721,,user5@example.com
11/06/2025,09:00,Shop,Poster,1,$18.00,$0.00,$18.00,$1.00,T722,,user10@example.com
04/07/2026,09:00,Shop,Mug,1,$12.00,$0.00,$12.00,$1.00,T723,,user17@example.com
06/16/2025,09:00,Shop,Poster,1,$18.00,$0.00,$18.00,$1.00,T724,,user19@example.com
02/06/2026,09:00,Shop,Mug,1,$12.00,$0.00,$12.00,$1.00,T725,,user12@example.com
08/02/2026,09:00,Shop,Poster,1,$18.00,$0.00,$18.00,$1.00,T726,,
01/15/2025,09:00,Shop,Tee,1,$25.00,$0.00,$25.00,$1.00,T727,,
09/29/2025,09:00,Shop,Poster,1,$18.00,$0.00,$18.00,$1.00,T728,,user16@example.com
03/20/2025,09:00,Shop,Tee,1,$25.00,$0.00,$25.00,$1.00,T729,,user2@example.com
08/07/2026,09:00,Shop,Poster,1,$18.00,$0.00,$18.00,$1.00,T730,,
02/09/2025,09:00,Shop,Mug,1,$12.00,$0.00,$12.00,$1.00,T731,,
04/30/2026,09:00,Shop,Mug,1,$12.00,$0.00,$12.00,$1.00,T732,,user25@example.com
11/28/2025,09:00,Shop,Tee,1,$25.00,$0.00,$25.00,$1.00,T733,,
06/09/2026,09:00,Shop,Tee,1,$25.00,$0.00,$25.00,$1.00,T734,,
09/27/2025,09:00,Shop,Poster,1,$18.00,$0.00,$18.00,$1.00,T735,,user10@example.com
02/10/2026,09:00,Shop,Tee,1,$25.00,$0.00,$25.00,$1.00,T736,,
07/25/2026,09:00,Shop,Mug,1,$12.00,$0.00,$12.00,$1.00,T737,,user15@example.com
02/21/2026,09:00,Shop,Poster,1,$18.00,$0.00,$18.00,$1.00,T738,,user28@example.com
03/18/2025,09:00,Shop,Poster,1,$18.00,$0.00,$18.00,$1.00,T739,,
02/01/2026,09:00,Shop,Mug,1,$12.00,$0.00,$12.00,$1.00,T740,,user0@example.com
07/14/2025,09:00,Shop,Tee,1,$25.00,$0.00,$25.00,$1.00,T741,,user12@example.com
04/19/2025,09:00,Shop,Poster,1,$18.00,$0.00,$18.00,$1.00,T742,,user2@example.com
04/29/2026,09:00,Shop,Mug,1,$12.00,$0.00,$12.00,$1.00,T743,,user3@example.com
07/02/2025,09:00,Shop,Tee,1,$25.00,$0.00,$25.00,$1.00,T744,,user2@example.com
06/02/2026,09:00,Shop,Tee,1,$25.00,$0.00,$25.00,$1.00,T745,,user13@example.com
07/15/2025,09:00,Shop,Tee,1,$25.00,$0.00,$25.00,$1.00,T746,,
03/08/2025,09:00,Shop,Poster,1,$18.00,$0.00,$18.00,$1.00,T747,,user11@example.com
09/19/2025,09:00,Shop,Mug,1,$12.00,$0.00,$12.00,$1.00,T748,,user9@example.com
01/15/2025,09:00,Shop,Poster,1,$18.00,$0.00,$18.00,$1.00,T749,,
03/02/2025,09:00,Shop,Poster,1,$18.00,$0.00,$18.00,$1.00,T750,,
08/09/2025,09:00,Shop,Poster,1,$18.00,$0.00,$18.00,$1.00,T751,,user11@example.com
12/02/2025,09:00,Shop,Mug,1,$12.00,$0.00,$12.00,$1.00,T752,,user11@example.com
02/18/2026,09:00,Shop,Poster,1,$18.00,$0.00,$18.00,$1.00,T753,,
01/02/2025,09:00,Shop,Mug,1,$12.00,$0.00,$12.00,$1.00,T754,,
12/08/2025,09:00,Shop,Poster,1,$18.00,$0.00,$18.00,$1.00,T755,,
01/28/2025,09:00,Shop,Mug,1,$12.00,$0.00,$12.00,$1.00,T756,,user5@example.com
05/09/2026,09:00,Shop,Tee,1,$25.00,$0.00,$25.00,$1.00,T757,,user4@example.com
06/24/2025,09:00,Shop,Tee,1,$25.00,$0.00,$25.00,$1.00,T758,,
01/19/2025,09:00,Shop,Tee,1,$25.00,$0.00,$25.00,$1.00,T759,,user18@example.com
08/21/2026,09:00,Shop,Poster,1,$18.00,$0.00,$18.00,$1.00,T760,,
07/25/2025,09:00,Shop,Mug,1,$12.00,$0.00,$12.00,$1.00,T761,,user20@example.com
04/11/2025,09:00,Shop,Poster,1,$18.00,$0.00,$18.00,$1.00,T762,,
10/26/2025,09:00,Shop,Poster,1,$18.00,$0.00,$18.00,$1.00,T763,,user19@example.com
07/25/2025,09:00,Shop,Poster,1,$18.00,$0.00,$18.00,$1.00,T764,,
04/25/2025,09:00,Shop,Mug,1,$12.00,$0.00,$12.00,$1.00,T765,,user17@example.com
08/01/2025,09:00,Shop,Mug,1,$12.00,$0.00,$12.00,$1.00,T766,,
08/29/2025,09:00,Shop,Poster,1,$18.00,$0.00,$18.00,$1.00,T767,,user12@example.com
05/26/2026,09:00,Shop,Tee,1,$25.00,$0.00,$25.00,$1.00,T768,,user25@example.com
05/09/2026,09:00,Shop,Poster,1,$18.00,$0.00,$18.00,$1.00,T769,,user6@example.com
01/16/2026,09:00,Shop,Mug,1,$12.00,$0.00,$12.00,$1.00,T770,,user29@example.com
09/16/2025,09:00,Shop,Tee,1,$25.00,$0.00,$25.00,$1.00,T771,,
03/03/2025,09:00,Shop,Mug,1,$12.00,$0.00,$12.00,$1.00,T772,,user21@example.com
05/05/2026,09:00,Shop,Poster,1,$18.00,$0.00,$18.00,$1.00,T773,,user0@example.com
09/10/2025,09:00,Shop,Poster,1,$18.00,$0.00,$18.00,$1.00,T774,,user8@example.com
02/20/2025,09:00,Shop,Tee,1,$25.00,$0.00,$25.00,$1.00,T775,,user6@example.com
08/26/2025,09:00,Shop,Mug,1,$12.00,$0.00,$12.00,$1.00,T776,,user19@example.com
01/14/2026,09:00,Shop,Mug,1,$12.00,$0.00,$12.00,$1.00,T777,,user6@example.com
10/10/2025,09:00,Shop,Tee,1,$25.00,$0.00,$25.00,$1.00,T778,,
06/06/2025,09:00,Shop,Mug,1,$12.00,$0.00,$12.00,$1.00,T779,,
06/09/2025,09:00,Shop,Tee,1,$25.00,$0.00,$25.00,$1.00,T780,,user3@example.com
02/26/2026,09:00,Shop,Tee,1,$25.00,$0.00,$25.00,$1.00,T781,,
01/31/2025,09:00,Shop,Mug,1,$12.00,$0.00,$12.00,$1.00,T782,,user21@example.com
03/21/2026,09:00,Shop,Tee,1,$25.00,$0.00,$25.00,$1.00,T783,,
02/22/2025,09:00,Shop,Poster,1,$18.00,$0.00,$18.00,$1.00,T784,,user28@example.com
11/22/2025,09:00,Shop,Tee,1,$25.00,$0.00,$25.00,$1.00,T785,,
01/27/2025,09:00,Shop,Mug,1,$12.00,$0.00,$12.00,$1.00,T786,,user17@example.com
01/07/2026,09:00,Shop,Mug,1,$12.00,$0.00,$12.00,$1.00,T787,,user4@example.com
05/29/2025,09:00,Shop,Poster,1,$18.00,$0.00,$18.00,$1.00,T788,,
11/24/2025,09:00,Shop,Tee,1,$25.00,$0.00,$25.00,$1.00,T789,,
07/09/2026,09:00,Shop,Poster,1,$18.00,$0.00,$18.00,$1.00,T790,,
11/13/2025,09:00,Shop,Poster,1,$18.00,$0.00,$18.00,$1.00,T791,,
11/27/2025,09:00,Shop,Tee,1,$25.00,$0.00,$25.00,$1.00,T792,,
05/25/2025,09:00,Shop,Poster,1,$18.00,$0.00,$18.00,$1.00,T793,,user13@example.com
03/03/2026,09:00,Shop,Mug,1,$12.00,$0.00,$12.00,$1.00,T794,,user6@example.com
03/25/2025,09:00,Shop,Mug,1,$12.00,$0.00,$12.00,$1.00,T795,,user0@example.com
01/22/2025,09:00,Shop,Mug,1,$12.00,$0.00,$12.00,$1.00,T796,,user29@example.com
06/25/2026,09:00,Shop,Poster,1,$18.00,$0.00,$18.00,$1.00,T797,,user4@example.com
07/10/2025,09:00,Shop,Tee,1,$25.00,$0.00,$25.00,$1.00,T798,,
07/24/2026,09:00,Shop,Poster,1,$18.00,$0.00,$18.00,$1.00,T799,,user11@example.com
07/07/2025,09:00,Shop,Poster,1,$18.00,$0.00,$18.00,$1.00,T800,,user26@example.com
03/19/2025,09:00,Shop,Tee,1,$25.00,$0.00,$25.00,$1.00,T801,,user6@example.com
01/03/2025,09:00,Shop,Tee,1,$25.00,$0.00,$25.00,$1.00,T802,,
01/09/2026,09:00,Shop,Tee,1,$25.00,$0.00,$25.00,$1.00,T803,,
05/28/2025,09:00,Shop,Poster,1,$18.00,$0.00,$18.00,$1.00,T804,,user23@example.com
05/23/2025,09:00,Shop,Poster,1,$18.00,$0.00,$18.00,$1.00,T805,,user15@example.com
02/03/2026,09:00,Shop,Tee,1,$25.00,$0.00,$25.00,$1.00,T806,,user12@example.com
06/28/2026,09:00,Shop,Poster,1,$18.00,$0.00,$18.00,$1.00,T807,,
04/13/2025,09:00,Shop,Tee,1,$25.00,$0.00,$25.00,$1.00,T808,,user28@example.com
07/31/2025,09:00,Shop,Poster,1,$18.00,$0.00,$18.00,$1.00,T809,,
04/10/2026,09:00,Shop,Mug,1,$12.00,$0.00,$12.00,$1.00,T810,,user16@example.com
02/24/2025,09:00,Shop,Mug,1,$12.00,$0.00,$12.00,$1.00,T811,,user12@example.com
05/18/2026,09:00,Shop,Poster,1,$18.00,$0.00,$18.00,$1.00,T812,,user12@example.com
02/13/2025,09:00,Shop,Tee,1,$25.00,$0.00,$25.00,$1.00,T813,,
12/19/2025,09:00,Shop,Tee,1,$25.00,$0.00,$25.00,$1.00,T814,,
03/02/2026,09:00,Shop,Mug,1,$12.00,$0.00,$12.00,$1.00,T815,,user12@example.com
03/24/2025,09:00,Shop,Mug,1,$12.00,$0.00,$12.00,$1.00,T816,,user9@example.com
05/22/2026,09:00,Shop,Poster,1,$18.00,$0.00,$18.00,$1.00,T817,,
08/09/2025,09:00,Shop,Tee,1,$25.00,$0.00,$25.00,$1.00,T818,,user17@example.com
02/08/2026,09:00,Shop,Mug,1,$12.00,$0.00,$12.00,$1.00,T819,,
03/13/2025,09:00,Shop,Mug,1,$12.00,$0.00,$12.00,$1.00,T820,,user22@example.com
06/22/2025,09:00,Shop,Mug,1,$12.00,$0.00,$12.00,$1.00,T821,,
03/14/2026,09:00,Shop,Tee,1,$25.00,$0.00,$25.00,$1.00,T822,,user26@example.com
09/21/2025,09:00,Shop,Poster,1,$18.00,$0.00,$18.00,$1.00,T823,,
09/09/2025,09:00,Shop,Tee,1,$25.00,$0.00,$25.00,$1.00,T824,,user26@example.com
02/04/2025,09:00,Shop,Mug,1,$12.00,$0.00,$12.00,$1.00,T825,,
07/17/2025,09:00,Shop,Tee,1,$25.00,$0.00,$25.00,$1.00,T826,,user25@example.com
11/26/2025,09:00,Shop,Tee,1,$25.00,$0.00,$25.00,$1.00,T827,,user17@example.com
04/08/2026,09:00,Shop,Poster,1,$18.00,$0.00,$18.00,$1.00,T828,,user25@example.com
06/29/2025,09:00,Shop,Mug,1,$12.00,$0.00,$12.00,$1.00,T829,,
03/17/2026,09:00,Shop,Tee,1,$25.00,$0.00,$25.00,$1.00,T830,,
01/10/2026,09:00,Shop,Poster,1,$18.00,$0.00,$18.00,$1.00,T831,,
01/18/2026,09:00,Shop,Poster,1,$18.00,$0.00,$18.00,$1.00,T832,,user27@example.com
02/05/2025,09:00,Shop,Tee,1,$25.00,$0.00,$25.00,$1.00,T833,,
05/07/2025,09:00,Shop,Tee,1,$25.00,$0.00,$25.00,$1.00,T834,,user3@example.com
08/06/2025,09:00,Shop,Poster,1,$18.00,$0.00,$18.00,$1.00,T835,,
01/02/2026,09:00,Shop,Mug,1,$12.00,$0.00,$12.00,$1.00,T836,,
08/21/2026,09:00,Shop,Poster,1,$18.00,$0.00,$18.00,$1.00,T837,,user18@example.com
05/27/2026,09:00,Shop,Poster,1,$18.00,$0.00,$18.00,$1.00,T838,,user11@example.com
03/10/2026,09:00,Shop,Tee,1,$25.00,$0.00,$25.00,$1.00,T839,,user23@example.com
02/01/2025,09:00,Shop,Mug,1,$12.00,$0.00,$12.00,$1.00,T840,,user11@example.com
01/03/2026,09:00,Shop,Poster,1,$18.00,$0.00,$18.00,$1.00,T841,,
04/27/2026,09:00,Shop,Poster,1,$18.00,$0.00,$18.00,$1.00,T842,,user28@example.com
07/08/2026,09:00,Shop,Mug,1,$12.00,$0.00,$12.00,$1.00,T843,,user7@example.com
11/25/2025,09:00,Shop,Poster,1,$18.00,$0.00,$18.00,$1.00,T844,,
01/17/2025,09:00,Shop,Tee,1,$25.00,$0.00,$25.00,$1.00,T845,,user14@example.com
03/26/2026,09:00,Shop,Tee,1,$25.00,$0.00,$25.00,$1.00,T846,,user26@example.com
10/10/2025,09:00,Shop,Mug,1,$12.00,$0.00,$12.00,$1.00,T847,,
07/23/2025,09:00,Shop,Tee,1,$25.00,$0.00,$25.00,$1.00,T848,,user7@example.com
02/09/2025,09:00,Shop,Poster,1,$18.00,$0.00,$18.00,$1.00,T849,,user0@example.com
06/30/2026,09:00,Shop,Poster,1,$18.00,$0.00,$18.00,$1.00,T850,,user14@example.com
09/03/2025,09:00,Shop,Mug,1,$12.00,$0.00,$12.00,$1.00,T851,,
05/26/2026,09:00,Shop,Poster,1,$18.00,$0.00,$18.00,$1.00,T852,,user21@example.com
07/29/2025,09:00,Shop,Mug,1,$12.00,$0.00,$12.00,$1.00,T853,,user7@example.com
01/30/2025,09:00,Shop,Poster,1,$18.00,$0.00,$18.00,$1.00,T854,,
11/03/2025,09:00,Shop,Poster,1,$18.00,$0.00,$18.00,$1.00,T855,,user17@example.com
04/07/2025,09:00,Shop,Mug,1,$12.00,$0.00,$12.00,$1.00,T856,,user23@example.com
04/06/2026,09:00,Shop,Tee,1,$25.00,$0.00,$25.00,$1.00,T857,,user21@example.com
03/05/2025,09:00,Shop,Poster,1,$18.00,$0.00,$18.00,$1.00,T858,,user19@example.com
03/27/2025,09:00,Shop,Tee,1,$25.00,$0.00,$25.00,$1.00,T859,,user14@example.com
06/13/2025,09:00,Shop,Poster,1,$18.00,$0.00,$18.00,$1.00,T860,,
08/24/2026,09:00,Shop,Mug,1,$12.00,$0.00,$12.00,$1.00,T861,,
10/27/2025,09:00,Shop,Poster,1,$18.00,$0.00,$18.00,$1.00,T862,,
08/11/2026,09:00,Shop,Tee,1,$25.00,$0.00,$25.00,$1.00,T863,,user18@example.com
10/15/2025,09:00,Shop,Mug,1,$12.00,$0.00,$12.00,$1.00,T864,,
09/17/2025,09:00,Shop,Mug,1,$12.00,$0.00,$12.00,$1.00,T865,,user11@example.com
06/23/2026,09:00,Shop,Poster,1,$18.00,$0.00,$18.00,$1.00,T866,,
06/20/2025,09:00,Shop,Tee,1,$25.00,$0.00,$25.00,$1.00,T867,,
11/06/2025,09:00,Shop,Tee,1,$25.00,$0.00,$25.00,$1.00,T868,,user25@example.com
08/26/2025,09:00,Shop,Mug,1,$12.00,$0.00,$12.00,$1.00,T869,,user26@example.com
06/25/2025,09:00,Shop,Poster,1,$18.00,$0.00,$18.00,$1.00,T870,,
12/05/2025,09:00,Shop,Mug,1,$12.00,$0.00,$12.00,$1.00,T871,,user13@example.com
06/02/2025,09:00,Shop,Tee,1,$25.00,$0.00,$25.00,$1.00,T872,,
03/18/2025,09:00,Shop,Poster,1,$18.00,$0.00,$18.00,$1.00,T873,,user4@example.com
09/03/2025,09:00,Shop,Mug,1,$12.00,$0.00,$12.00,$1.00,T874,,
11/09/2025,09:00,Shop,Mug,1,$12.00,$0.00,$12.00,$1.00,T875,,user8@example.com
02/20/2026,09:00,Shop,Tee,1,$25.00,$0.00,$25.00,$1.00,T876,,
02/27/2025,09:00,Shop,Mug,1,$12.00,$0.00,$12.00,$1.00,T877,,
02/23/2025,09:00,Shop,Mug,1,$12.00,$0.00,$12.00,$1.00,T878,,user29@example.com
02/09/2026,09:00,Shop,Tee,1,$25.00,$0.00,$25.00,$1.00,T879,,user15@example.com
06/12/2025,09:00,Shop,Tee,1,$25.00,$0.00,$25.00,$1.00,T880,,user14@example.com
08/22/2026,09:00,Shop,Mug,1,$12.00,$0.00,$12.00,$1.00,T881,,
09/15/2025,09:00,Shop,Poster,1,$18.00,$0.00,$18.00,$1.00,T882,,
03/04/2026,09:00,Shop,Tee,1,$25.00,$0.00,$25.00,$1.00,T883,,
07/31/2026,09:00,Shop,Poster,1,$18.00,$0.00,$18.00,$1.00,T884,,user18@example.com
05/16/2025,09:00,Shop,Poster,1,$18.00,$0.00,$18.00,$1.00,T885,,
06/10/2026,09:00,Shop,Mug,1,$12.00,$0.00,$12.00,$1.00,T886,,user2@example.com
05/14/2025,09:00,Shop,Poster,1,$18.00,$0.00,$18.00,$1.00,T887,,
06/07/2025,09:00,Shop,Poster,1,$18.00,$0.00,$18.00,$1.00,T888,,user0@example.com
06/15/2026,09:00,Shop,Tee,1,$25.00,$0.00,$25.00,$1.00,T889,,
07/16/2026,09:00,Shop,Mug,1,$12.00,$0.00,$12.00,$1.00,T890,,
02/05/2025,09:00,Shop,Tee,1,$25.00,$0.00,$25.00,$1.00,T891,,
07/13/2026,09:00,Shop,Poster,1,$18.00,$0.00,$18.00,$1.00,T892,,user11@example.com
08/26/2025,09:00,Shop,Tee,1,$25.00,$0.00,$25.00,$1.00,T893,,
07/08/2025,09:00,Shop,Poster,1,$18.00,$0.00,$18.00,$1.00,T894,,user13@example.com
06/26/2025,09:00,Shop,Poster,1,$18.00,$0.00,$18.00,$1.00,T895,,
09/11/2025,09:00,Shop,Mug,1,$12.00,$0.00,$12.00,$1.00,T896,,user13@example.com
02/17/2025,09:00,Shop,Poster,1,$18.00,$0.00,$18.00,$1.00,T897,,user21@example.com
09/10/2025,09:00,Shop,Tee,1,$25.00,$0.00,$25.00,$1.00,T898,,user29@example.com
09/29/2025,09:00,Shop,Poster,1,$18.00,$0.00,$18.00,$1.00,T899,,user11@example.com
04/30/2025,09:00,Shop,Mug,1,$12.00,$0.00,$12.00,$1.00,T900,,user5@example.com
02/07/2025,09:00,Shop,Tee,1,$25.00,$0.00,$25.00,$1.00,T901,,
02/21/2025,09:00,Shop,Mug,1,$12.00,$0.00,$12.00,$1.00,T902,,
11/16/2025,09:00,Shop,Poster,1,$18.00,$0.00,$18.00,$1.00,T903,,user23@example.com
12/21/2025,09:00,Shop,Mug,1,$12.00,$0.00,$12.00,$1.00,T904,,user13@example.com
09/20/2025,09:00,Shop,Mug,1,$12.00,$0.00,$12.00,$1.00,T905,,user10@example.com
12/14/2025,09:00,Shop,Tee,1,$25.00,$0.00,$25.00,$1.00,T906,,
11/27/2025,09:00,Shop,Tee,1,$25.00,$0.00,$25.00,$1.00,T907,,user2@example.com
03/21/2025,09:00,Shop,Mug,1,$12.00,$0.00,$12.00,$1.00,T908,,user11@example.com
02/08/2026,09:00,Shop,Poster,1,$18.00,$0.00,$18.00,$1.00,T909,,user29@example.com
08/03/2025,09:00,Shop,Poster,1,$18.00,$0.00,$18.00,$1.00,T910,,user0@example.com
04/20/2026,09:00,Shop,Tee,1,$25.00,$0.00,$25.00,$1.00,T911,,user24@example.com
12/23/2025,09:00,Shop,Poster,1,$18.00,$0.00,$18.00,$1.00,T912,,user23@example.com
05/20/2026,09:00,Shop,Poster,1,$18.00,$0.00,$18.00,$1.00,T913,,
01/09/2025,09:00,Shop,Poster,1,$18.00,$0.00,$18.00,$1.00,T914,,user16@example.com
03/21/2025,09:00,Shop,Poster,1,$18.00,$0.00,$18.00,$1.00,T915,,user3@example.com
02/19/2026,09:00,Shop,Tee,1,$25.00,$0.00,$25.00,$1.00,T916,,user23@example.com
02/15/2026,09:00,Shop,Mug,1,$12.00,$0.00,$12.00,$1.00,T917,,user19@example.com
07/20/2025,09:00,Shop,Poster,1,$18.00,$0.00,$18.00,$1.00,T918,,user5@example.com
11/08/2025,09:00,Shop,Mug,1,$12.00,$0.00,$12.00,$1.00,T919,,user27@example.com
02/09/2025,09:00,Shop,Tee,1,$25.00,$0.00,$25.00,$1.00,T920,,user0@example.com
02/18/2026,09:00,Shop,Mug,1,$12.00,$0.00,$12.00,$1.00,T921,,
05/03/2026,09:00,Shop,Tee,1,$25.00,$0.00,$25.00,$1.00,T922,,user1@example.com
08/03/2025,09:00,Shop,Mug,1,$12.00,$0.00,$12.00,$1.00,T923,,
05/23/2025,09:00,Shop,Poster,1,$18.00,$0.00,$18.00,$1.00,T924,,
12/06/2025,09:00,Shop,Mug,1,$12.00,$0.00,$12.00,$1.00,T925,,
09/27/2025,09:00,Shop,Tee,1,$25.00,$0.00,$25.00,$1.00,T926,,user2@example.com
01/30/2026,09:00,Shop,Tee,1,$25.00,$0.00,$25.00,$1.00,T927,,user1@example.com
04/25/2026,09:00,Shop,Mug,1,$12.00,$0.00,$12.00,$1.00,T928,,user27@example.com
01/17/2025,09:00,Shop,Mug,1,$12.00,$0.00,$12.00,$1.00,T929,,user11@example.com
09/12/2025,09:00,Shop,Mug,1,$12.00,$0.00,$12.00,$1.00,T930,,user25@example.com
04/01/2026,09:00,Shop,Mug,1,$12.00,$0.00,$12.00,$1.00,T931,,
03/20/2025,09:00,Shop,Mug,1,$12.00,$0.00,$12.00,$1.00,T932,,user12@example.com
03/03/2026,09:00,Shop,Poster,1,$18.00,$0.00,$18.00,$1.00,T933,,
01/02/2026,09:00,Shop,Tee,1,$25.00,$0.00,$25.00,$1.00,T934,,user4@example.com
08/14/2025,09:00,Shop,Mug,1,$12.00,$0.00,$12.00,$1.00,T935,,user6@example.com
05/11/2025,09:00,Shop,Poster,1,$18.00,$0.00,$18.00,$1.00,T936,,user17@example.com
12/22/2025,09:00,Shop,Poster,1,$18.00,$0.00,$18.00,$1.00,T937,,
12/02/2025,09:00,Shop,Tee,1,$25.00,$0.00,$25.00,$1.00,T938,,user16@example.com
02/27/2026,09:00,Shop,Tee,1,$25.00,$0.00,$25.00,$1.00,T939,,
08/22/2025,09:00,Shop,Mug,1,$12.00,$0.00,$12.00,$1.00,T940,,user29@example.com
08/13/2025,09:00,Shop,Poster,1,$18.00,$0.00,$18.00,$1.00,T941,,user17@example.com
01/11/2025,09:00,Shop,Poster,1,$18.00,$0.00,$18.00,$1.00,T942,,
11/23/2025,09:00,Shop,Mug,1,$12.00,$0.00,$12.00,$1.00,T943,,user22@example.com
08/11/2026,09:00,Shop,Poster,1,$18.00,$0.00,$18.00,$1.00,T944,,user19@example.com
01/19/2026,09:00,Shop,Poster,1,$18.00,$0.00,$18.00,$1.00,T945,,user12@example.com
12/26/2025,09:00,Shop,Tee,1,$25.00,$0.00,$25.00,$1.00,T946,,
07/16/2026,09:00,Shop,Tee,1,$25.00,$0.00,$25.00,$1.00,T947,,user26@example.com
04/02/2025,09:00,Shop,Tee,1,$25.00,$0.00,$25.00,$1.00,T948,,user12@example.com
04/05/2026,09:00,Shop,Poster,1,$18.00,$0.00,$18.00,$1.00,T949,,
07/21/2025,09:00,Shop,Mug,1,$12.00,$0.00,$12.00,$1.00,T950,,user20@example.com
05/06/2026,09:00,Shop,Tee,1,$25.00,$0.00,$25.00,$1.00,T951,,user0@example.com
02/19/2025,09:00,Shop,Tee,1,$25.00,$0.00,$25.00,$1.00,T952,,user8@example.com
06/07/2026,09:00,Shop,Tee,1,$25.00,$0.00,$25.00,$1.00,T953,,user4@example.com
10/28/2025,09:00,Shop,Poster,1,$18.00,$0.00,$18.00,$1.00,T954,,
05/12/2025,09:00,Shop,Tee,1,$25.00,$0.00,$25.00,$1.00,T955,,user20@example.com
01/31/2026,09:00,Shop,Tee,1,$25.00,$0.00,$25.00,$1.00,T956,,
08/01/2026,09:00,Shop,Mug,1,$12.00,$0.00,$12.00,$1.00,T957,,user16@example.com
08/14/2025,09:00,Shop,Mug,1,$12.00,$0.00,$12.00,$1.00,T958,,user24@example.com
08/07/2026,09:00,Shop,Tee,1,$25.00,$0.00,$25.00,$1.00,T959,,
07/03/2026,09:00,Shop,Poster,1,$18.00,$0.00,$18.00,$1.00,T960,,user3@example.com
11/05/2025,09:00,Shop,Tee,1,$25.00,$0.00,$25.00,$1.00,T961,,
12/19/2025,09:00,Shop,Poster,1,$18.00,$0.00,$18.00,$1.00,T962,,user0@example.com
06/02/2025,09:00,Shop,Tee,1,$25.00,$0.00,$25.00,$1.00,T963,,
01/20/2025,09:00,Shop,Mug,1,$12.00,$0.00,$12.00,$1.00,T964,,user25@example.com
03/23/2026,09:00,Shop,Poster,1,$18.00,$0.00,$18.00,$1.00,T965,,user6@example.com
07/29/2025,09:00,Shop,Poster,1,$18.00,$0.00,$18.00,$1.00,T966,,user27@example.com
01/16/2026,09:00,Shop,Tee,1,$25.00,$0.00,$25.00,$1.00,T967,,user28@example.com
01/29/2026,09:00,Shop,Tee,1,$25.00,$0.00,$25.00,$1.00,T968,,user4@example.com
05/27/2026,09:00,Shop,Mug,1,$12.00,$0.00,$12.00,$1.00,T969,,
08/08/2025,09:00,Shop,Mug,1,$12.00,$0.00,$12.00,$1.00,T970,,user6@example.com
03/11/2026,09:00,Shop,Tee,1,$25.00,$0.00,$25.00,$1.00,T971,,user14@example.com
07/04/2025,09:00,Shop,Tee,1,$25.00,$0.00,$25.00,$1.00,T972,,
08/21/2026,09:00,Shop,Tee,1,$25.00,$0.00,$25.00,$1.00,T973,,
01/14/2026,09:00,Shop,Mug,1,$12.00,$0.00,$12.00,$1.00,T974,,
06/13/2025,09:00,Shop,Mug,1,$12.00,$0.00,$12.00,$1.00,T975,,user16@example.com
07/18/2026,09:00,Shop,Mug,1,$12.00,$0.00,$12.00,$1.00,T976,,
03/15/2025,09:00,Shop,Mug,1,$12.00,$0.00,$12.00,$1.00,T977,,user12@example.com
07/31/2026,09:00,Shop,Tee,1,$25.00,$0.00,$25.00,$1.00,T978,,
02/09/2025,09:00,Shop,Tee,1,$25.00,$0.00,$25.00,$1.00,T979,,user14@example.com
03/18/2025,09:00,Shop,Tee,1,$25.00,$0.00,$25.00,$1.00,T980,,user5@example.com
11/23/2025,09:00,Shop,Mug,1,$12.00,$0.00,$12.00,$1.00,T981,,
08/30/2025,09:00,Shop,Tee,1,$25.00,$0.00,$25.00,$1.00,T982,,
08/10/2026,09:00,Shop,Mug,1,$12.00,$0.00,$12.00,$1.00,T983,,user18@example.com
06/21/2025,09:00,Shop,Tee,1,$25.00,$0.00,$25.00,$1.00,T984,,
04/26/2025,09:00,Shop,Poster,1,$18.00,$0.00,$18.00,$1.00,T985,,user1@example.com
04/15/2025,09:00,Shop,Tee,1,$25.00,$0.00,$25.00,$1.00,T986,,
11/09/2025,09:00,Shop,Mug,1,$12.00,$0.00,$12.00,$1.00,T987,,
10/18/2025,09:00,Shop,Mug,1,$12.00,$0.00,$12.00,$1.00,T988,,user29@example.com
08/19/2025,09:00,Shop,Poster,1,$18.00,$0.00,$18.00,$1.00,T989,,user1@example.com
03/02/2026,09:00,Shop,Mug,1,$12.00,$0.00,$12.00,$1.00,T990,,user21@example.com
04/22/2026,09:00,Shop,Tee,1,$25.00,$0.00,$25.00,$1.00,T991,,user28@example.com
07/27/2026,09:00,Shop,Poster,1,$18.00,$0.00,$18.00,$1.00,T992,,user14@example.com
03/19/2026,09:00,Shop,Tee,1,$25.00,$0.00,$25.00,$1.00,T993,,user24@example.com
03/31/2025,09:00,Shop,Poster,1,$18.00,$0.00,$18.00,$1.00,T994,,user25@example.com
02/11/2026,09:00,Shop,Mug,1,$12.00,$0.00,$12.00,$1.00,T995,,user6@example.com
01/09/2026,09:00,Shop,Tee,1,$25.00,$0.00,$25.00,$1.00,T996,,user22@example.com
02/10/2026,09:00,Shop,Tee,1,$25.00,$0.00,$25.00,$1.00,T997,,
07/30/2025,09:00,Shop,Poster,1,$18.00,$0.00,$18.00,$1.00,T998,,user13@example.com
05/25/2025,09:00,Shop,Mug,1,$12.00,$0.00,$12.00,$1.00,T999,,user7@example.com
01/15/2025,09:00,Shop,Poster,1,$18.00,$0.00,$18.00,$1.00,T1000,,
07/08/2025,09:00,Shop,Tee,1,$25.00,$0.00,$25.00,$1.00,T1001,,user21@example.com
09/15/2025,09:00,Shop,Tee,1,$25.00,$0.00,$25.00,$1.00,T1002,,user5@example.com
08/04/2025,09:00,Shop,Poster,1,$18.00,$0.00,$18.00,$1.00,T1003,,
07/16/2026,09:00,Shop,Mug,1,$12.00,$0.00,$12.00,$1.00,T1004,,
09/16/2025,09:00,Shop,Poster,1,$18.00,$0.00,$18.00,$1.00,T1005,,user15@example.com
04/09/2025,09:00,Shop,Poster,1,$18.00,$0.00,$18.00,$1.00,T1006,,
11/03/2025,09:00,Shop,Poster,1,$18.00,$0.00,$18.00,$1.00,T1007,,user26@example.com
11/26/2025,09:00,Shop,Poster,1,$18.00,$0.00,$18.00,$1.00,T1008,,
01/01/2026,09:00,Shop,Mug,1,$12.00,$0.00,$12.00,$1.00,T1009,,
04/16/2026,09:00,Shop,Poster,1,$18.00,$0.00,$18.00,$1.00,T1010,,user14@example.com
11/17/2025,09:00,Shop,Mug,1,$12.00,$0.00,$12.00,$1.00,T1011,,
12/03/2025,09:00,Shop,Mug,1,$12.00,$0.00,$12.00,$1.00,T1012,,
05/21/2025,09:00,Shop,Tee,1,$25.00,$0.00,$25.00,$1.00,T1013,,
10/16/2025,09:00,Shop,Mug,1,$12.00,$0.00,$12.00,$1.00,T1014,,user1@example.com
02/05/2025,09:00,Shop,Tee,1,$25.00,$0.00,$25.00,$1.00,T1015,,user23@example.com
02/13/2025,09:00,Shop,Poster,1,$18.00,$0.00,$18.00,$1.00,T1016,,user29@example.com
08/16/2026,09:00,Shop,Poster,1,$18.00,$0.00,$18.00,$1.00,T1017,,
04/12/2026,09:00,Shop,Poster,1,$18.00,$0.00,$18.00,$1.00,T1018,,
10/31/2025,09:00,Shop,Poster,1,$18.00,$0.00,$18.00,$1.00,T1019,,user25@example.com
02/18/2026,09:00,Shop,Poster,1,$18.00,$0.00,$18.00,$1.00,T1020,,
12/05/2025,09:00,Shop,Tee,1,$25.00,$0.00,$25.00,$1.00,T1021,,
03/23/2025,09:00,Shop,Mug,1,$12.00,$0.00,$12.00,$1.00,T1022,,user9@example.com
11/20/2025,09:00,Shop,Mug,1,$12.00,$0.00,$12.00,$1.00,T1023,,
01/04/2026,09:00,Shop,Mug,1,$12.00,$0.00,$12.00,$1.00,T1024,,user3@example.com
01/28/2026,09:00,Shop,Tee,1,$25.00,$0.00,$25.00,$1.00,T1025,,user13@example.com
05/23/2025,09:00,Shop,Tee,1,$25.00,$0.00,$25.00,$1.00,T1026,,user14@example.com
10/18/2025,09:00,Shop,Tee,1,$25.00,$0.00,$25.00,$1.00,T1027,,user0@example.com
08/19/2025,09:00,Shop,Mug,1,$12.00,$0.00,$12.00,$1.00,T1028,,user16@example.com
02/19/2026,09:00,Shop,Tee,1,$25.00,$0.00,$25.00,$1.00,T1029,,
02/20/2026,09:00,Shop,Tee,1,$25.00,$0.00,$25.00,$1.00,T1030,,
04/23/2026,09:00,Shop,Tee,1,$25.00,$0.00,$25.00,$1.00,T1031,,user1@example.com
04/23/2026,09:00,Shop,Tee,1,$25.00,$0.00,$25.00,$1.00,T1032,,user29@example.com
06/25/2026,09:00,Shop,Tee,1,$25.00,$0.00,$25.00,$1.00,T1033,,
08/12/2025,09:00,Shop,Poster,1,$18.00,$0.00,$18.00,$1.00,T1034,,user23@example.com
03/24/2026,09:00,Shop,Mug,1,$12.00,$0.00,$12.00,$1.00,T1035,,user11@example.com
08/03/2026,09:00,Shop,Tee,1,$25.00,$0.00,$25.00,$1.00,T1036,,
12/29/2025,09:00,Shop,Poster,1,$18.00,$0.00,$18.00,$1.00,T1037,,
01/24/2025,09:00,Shop,Mug,1,$12.00,$0.00,$12.00,$1.00,T1038,,
04/24/2025,09:00,Shop,Tee,1,$25.00,$0.00,$25.00,$1.00,T1039,,
02/11/2025,09:00,Shop,Poster,1,$18.00,$0.00,$18.00,$1.00,T1040,,
04/05/2026,09:00,Shop,Mug,1,$12.00,$0.00,$12.00,$1.00,T1041,,user20@example.com
04/10/2025,09:00,Shop,Mug,1,$12.00,$0.00,$12.00,$1.00,T1042,,
01/10/2026,09:00,Shop,Mug,1,$12.00,$0.00,$12.00,$1.00,T1043,,
04/03/2025,09:00,Shop,Tee,1,$25.00,$0.00,$25.00,$1.00,T1044,,user8@example.com
09/07/2025,09:00,Shop,Tee,1,$25.00,$0.00,$25.00,$1.00,T1045,,user15@example.com
10/01/2025,09:00,Shop,Mug,1,$12.00,$0.00,$12.00,$1.00,T1046,,
02/05/2026,09:00,Shop,Poster,1,$18.00,$0.00,$18.00,$1.00,T1047,,user2@example.com
01/15/2025,09:00,Shop,Tee,1,$25.00,$0.00,$25.00,$1.00,T1048,,
10/14/2025,09:00,Shop,Tee,1,$25.00,$0.00,$25.00,$1.00,T1049,,user7@example.com
05/14/2026,09:00,Shop,Poster,1,$18.00,$0.00,$18.00,$1.00,T1050,,user26@example.com
10/14/2025,09:00,Shop,Mug,1,$12.00,$0.00,$12.00,$1.00,T1051,,user3@example.com
12/19/2025,09:00,Shop,Tee,1,$25.00,$0.00,$25.00,$1.00,T1052,,user23@example.com
07/04/2026,09:00,Shop,Poster,1,$18.00,$0.00,$18.00,$1.00,T1053,,user16@example.com
07/25/2025,09:00,Shop,Tee,1,$25.00,$0.00,$25.00,$1.00,T1054,,
01/27/2026,09:00,Shop,Mug,1,$12.00,$0.00,$12.00,$1.00,T1055,,
01/13/2026,09:00,Shop,Mug,1,$12.00,$0.00,$12.00,$1.00,T1056,,
04/01/2026,09:00,Shop,Tee,1,$25.00,$0.00,$25.00,$1.00,T1057,,
01/13/2026,09:00,Shop,Mug,1,$12.00,$0.00,$12.00,$1.00,T1058,,user21@example.com
01/29/2026,09:00,Shop,Tee,1,$25.00,$0.00,$25.00,$1.00,T1059,,user10@example.com
04/01/2026,09:00,Shop,Tee,1,$25.00,$0.00,$25.00,$1.00,T1060,,user16@example.com
07/13/2026,09:00,Shop,Poster,1,$18.00,$0.00,$18.00,$1.00,T1061,,user8@example.com
08/15/2025,09:00,Shop,Poster,1,$18.00,$0.00,$18.00,$1.00,T1062,,user10@example.com
12/07/2025,09:00,Shop,Poster,1,$18.00,$0.00,$18.00,$1.00,T1063,,
01/03/2025,09:00,Shop,Mug,1,$12.00,$0.00,$12.00,$1.00,T1064,,user8@example.com
07/25/2025,09:00,Shop,Mug,1,$12.00,$0.00,$12.00,$1.00,T1065,,
06/03/2026,09:00,Shop,Mug,1,$12.00,$0.00,$12.00,$1.00,T1066,,user24@example.com
05/24/2025,09:00,Shop,Mug,1,$12.00,$0.00,$12.00,$1.00,T1067,,user21@example.com
04/29/2026,09:00,Shop,Tee,1,$25.00,$0.00,$25.00,$1.00,T1068,,user6@example.com
01/17/2025,09:00,Shop,Tee,1,$25.00,$0.00,$25.00,$1.00,T1069,,user9@example.com
01/24/2026,09:00,Shop,Mug,1,$12.00,$0.00,$12.00,$1.00,T1070,,
05/17/2025,09:00,Shop,Mug,1,$12.00,$0.00,$12.00,$1.00,T1071,,
09/24/2025,09:00,Shop,Tee,1,$25.00,$0.00,$25.00,$1.00,T1072,,user9@example.com
08/12/2026,09:00,Shop,Poster,1,$18.00,$0.00,$18.00,$1.00,T1073,,
12/08/2025,09:00,Shop,Poster,1,$18.00,$0.00,$18.00,$1.00,T1074,,
04/13/2025,09:00,Shop,Poster,1,$18.00,$0.00,$18.00,$1.00,T1075,,user28@example.com
03/29/2025,09:00,Shop,Poster,1,$18.00,$0.00,$18.00,$1.00,T1076,,
01/13/2025,09:00,Shop,Mug,1,$12.00,$0.00,$12.00,$1.00,T1077,,
01/04/2026,09:00,Shop,Poster,1,$18.00,$0.00,$18.00,$1.00,T1078,,user28@example.com
04/28/2025,09:00,Shop,Mug,1,$12.00,$0.00,$12.00,$1.00,T1079,,user1@example.com
08/24/2026,09:00,Shop,Mug,1,$12.00,$0.00,$12.00,$1.00,T1080,,
07/24/2026,09:00,Shop,Mug,1,$12.00,$0.00,$12.00,$1.00,T1081,,user19@example.com
01/22/2025,09:00,Shop,Tee,1,$25.00,$0.00,$25.00,$1.00,T1082,,
07/18/2026,09:00,Shop,Mug,1,$12.00,$0.00,$12.00,$1.00,T1083,,
09/25/2025,09:00,Shop,Poster,1,$18.00,$0.00,$18.00,$1.00,T1084,,user11@example.com
02/17/2025,09:00,Shop,Mug,1,$12.00,$0.00,$12.00,$1.00,T1085,,
07/13/2025,09:00,Shop,Mug,1,$12.00,$0.00,$12.00,$1.00,T1086,,user11@example.com
05/04/2025,09:00,Shop,Poster,1,$18.00,$0.00,$18.00,$1.00,T1087,,user23@example.com
02/19/2025,09:00,Shop,Poster,1,$18.00,$0.00,$18.00,$1.00,T1088,,
11/13/2025,09:00,Shop,Mug,1,$12.00,$0.00,$12.00,$1.00,T1089,,
06/21/2025,09:00,Shop,Mug,1,$12.00,$0.00,$12.00,$1.00,T1090,,user0@example.com
02/21/2025,09:00,Shop,Mug,1,$12.00,$0.00,$12.00,$1.00,T1091,,user10@example.com
03/08/2026,09:00,Shop,Poster,1,$18.00,$0.00,$18.00,$1.00,T1092,,user14@example.com
05/25/2025,09:00,Shop,Mug,1,$12.00,$0.00,$12.00,$1.00,T1093,,
04/24/2026,09:00,Shop,Tee,1,$25.00,$0.00,$25.00,$1.00,T1094,,user2@example.com
06/01/2025,09:00,Shop,Tee,1,$25.00,$0.00,$25.00,$1.00,T1095,,user16@example.com
04/21/2026,09:00,Shop,Poster,1,$18.00,$0.00,$18.00,$1.00,T1096,,
12/31/2025,09:00,Shop,Poster,1,$18.00,$0.00,$18.00,$1.00,T1097,,user21@example.com
04/20/2026,09:00,Shop,Tee,1,$25.00,$0.00,$25.00,$1.00,T1098,,user15@example.com
01/18/2026,09:00,Shop,Tee,1,$25.00,$0.00,$25.00,$1.00,T1099,,
05/22/2026,09:00,Shop,Mug,1,$12.00,$0.00,$12.00,$1.00,T1100,,user12@example.com
12/07/2025,09:00,Shop,Mug,1,$12.00,$0.00,$12.00,$1.00,T1101,,user6@example.com
12/09/2025,09:00,Shop,Tee,1,$25.00,$0.00,$25.00,$1.00,T1102,,user2@example.com
07/11/2025,09:00,Shop,Tee,1,$25.00,$0.00,$25.00,$1.00,T1103,,
07/15/2026,09:00,Shop,Mug,1,$12.00,$0.00,$12.00,$1.00,T1104,,user28@example.com
03/19/2026,09:00,Shop,Mug,1,$12.00,$0.00,$12.00,$1.00,T1105,,
06/26/2025,09:00,Shop,Poster,1,$18.00,$0.00,$18.00,$1.00,T1106,,user2@example.com
06/07/2026,09:00,Shop,Poster,1,$18.00,$0.00,$18.00,$1.00,T1107,,user20@example.com
05/10/2026,09:00,Shop,Poster,1,$18.00,$0.00,$18.00,$1.00,T1108,,
11/02/2025,09:00,Shop,Poster,1,$18.00,$0.00,$18.00,$1.00,T1109,,user16@example.com
10/12/2025,09:00,Shop,Poster,1,$18.00,$0.00,$18.00,$1.00,T1110,,
01/21/2026,09:00,Shop,Mug,1,$12.00,$0.00,$12.00,$1.00,T1111,,
08/18/2025,09:00,Shop,Tee,1,$25.00,$0.00,$25.00,$1.00,T1112,,user19@example.com
10/11/2025,09:00,Shop,Poster,1,$18.00,$0.00,$18.00,$1.00,T1113,,user20@example.com
08/14/2026,09:00,Shop,Tee,1,$25.00,$0.00,$25.00,$1.00,T1114,,user16@example.com
09/06/2025,09:00,Shop,Poster,1,$18.00,$0.00,$18.00,$1.00,T1115,,
03/27/2025,09:00,Shop,Poster,1,$18.00,$0.00,$18.00,$1.00,T1116,,
06/19/2025,09:00,Shop,Tee,1,$25.00,$0.00,$25.00,$1.00,T1117,,
08/13/2026,09:00,Shop,Mug,1,$12.00,$0.00,$12.00,$1.00,T1118,,
03/25/2025,09:00,Shop,Tee,1,$25.00,$0.00,$25.00,$1.00,T1119,,
01/08/2026,09:00,Shop,Tee,1,$25.00,$0.00,$25.00,$1.00,T1120,,user4@example.com
07/04/2026,09:00,Shop,Poster,1,$18.00,$0.00,$18.00,$1.00,T1121,,user13@example.com
08/16/2025,09:00,Shop,Poster,1,$18.00,$0.00,$18.00,$1.00,T1122,,
05/30/2025,09:00,Shop,Tee,1,$25.00,$0.00,$25.00,$1.00,T1123,,user21@example.com
07/08/2026,09:00,Shop,Poster,1,$18.00,$0.00,$18.00,$1.00,T1124,,
07/13/2026,09:00,Shop,Mug,1,$12.00,$0.00,$12.00,$1.00,T1125,,user10@example.com
07/16/2025,09:00,Shop,Poster,1,$18.00,$0.00,$18.00,$1.00,T1126,,user13@example.com
07/31/2025,09:00,Shop,Poster,1,$18.00,$0.00,$18.00,$1.00,T1127,,user2@example.com
08/05/2026,09:00,Shop,Poster,1,$18.00,$0.00,$18.00,$1.00,T1128,,user26@example.com
07/12/2025,09:00,Shop,Tee,1,$25.00,$0.00,$25.00,$1.00,T1129,,user26@example.com
12/05/2025,09:00,Shop,Poster,1,$18.00,$0.00,$18.00,$1.00,T1130,,user1@example.com
11/20/2025,09:00,Shop,Mug,1,$12.00,$0.00,$12.00,$1.00,T1131,,user8@example.com
08/25/2025,09:00,Shop,Tee,1,$25.00,$0.00,$25.00,$1.00,T1132,,
05/14/2026,09:00,Shop,Mug,1,$12.00,$0.00,$12.00,$1.00,T1133,,
05/02/2025,09:00,Shop,Mug,1,$12.00,$0.00,$12.00,$1.00,T1134,,
04/11/2025,09:00,Shop,Mug,1,$12.00,$0.00,$12.00,$1.00,T1135,,
04/23/2026,09:00,Shop,Mug,1,$12.00,$0.00,$12.00,$1.00,T1136,,user5@example.com
07/13/2026,09:00,Shop,Mug,1,$12.00,$0.00,$12.00,$1.00,T1137,,user8@example.com
01/14/2025,09:00,Shop,Tee,1,$25.00,$0.00,$25.00,$1.00,T1138,,user17@example.com
07/15/2025,09:00,Shop,Tee,1,$25.00,$0.00,$25.00,$1.00,T1139,,
03/26/2026,09:00,Shop,Poster,1,$18.00,$0.00,$18.00,$1.00,T1140,,
05/16/2026,09:00,Shop,Tee,1,$25.00,$0.00,$25.00,$1.00,T1141,,
05/21/2026,09:00,Shop,Tee,1,$25.00,$0.00,$25.00,$1.00,T1142,,
08/10/2026,09:00,Shop,Tee,1,$25.00,$0.00,$25.00,$1.00,T1143,,user6@example.com
12/11/2025,09:00,Shop,Tee,1,$25.00,$0.00,$25.00,$1.00,T1144,,user4@example.com
04/13/2026,09:00,Shop,Poster,1,$18.00,$0.00,$18.00,$1.00,T1145,,
02/02/2026,09:00,Shop,Tee,1,$25.00,$0.00,$25.00,$1.00,T1146,,user25@example.com
12/06/2025,09:00,Shop,Mug,1,$12.00,$0.00,$12.00,$1.00,T1147,,user19@example.com
05/21/2025,09:00,Shop,Tee,1,$25.00,$0.00,$25.00,$1.00,T1148,,
01/21/2025,09:00,Shop,Mug,1,$12.00,$0.00,$12.00,$1.00,T1149,,user11@example.com
07/11/2025,09:00,Shop,Poster,1,$18.00,$0.00,$18.00,$1.00,T1150,,user24@example.com
05/08/2025,09:00,Shop,Mug,1,$12.00,$0.00,$12.00,$1.00,T1151,,user25@example.com
06/24/2025,09:00,Shop,Poster,1,$18.00,$0.00,$18.00,$1.00,T1152,,user18@example.com
12/21/2025,09:00,Shop,Poster,1,$18.00,$0.00,$18.00,$1.00,T1153,,
05/12/2025,09:00,Shop,Tee,1,$25.00,$0.00,$25.00,$1.00,T1154,,user7@example.com
01/25/2026,09:00,Shop,Tee,1,$25.00,$0.00,$25.00,$1.00,T1155,,user14@example.com
01/14/2025,09:00,Shop,Mug,1,$12.00,$0.00,$12.00,$1.00,T1156,,user13@example.com
01/26/2026,09:00,Shop,Mug,1,$12.00,$0.00,$12.00,$1.00,T1157,,user1@example.com
08/07/2026,09:00,Shop,Tee,1,$25.00,$0.00,$25.00,$1.00,T1158,,user22@example.com
01/31/2026,09:00,Shop,Mug,1,$12.00,$0.00,$12.00,$1.00,T1159,,user8@example.com
06/19/2025,09:00,Shop,Mug,1,$12.00,$0.00,$12.00,$1.00,T1160,,user13@example.com
04/22/2026,09:00,Shop,Mug,1,$12.00,$0.00,$12.00,$1.00,T1161,,
07/05/2025,09:00,Shop,Tee,1,$25.00,$0.00,$25.00,$1.00,T1162,,user16@example.com
05/11/2026,09:00,Shop,Mug,1,$12.00,$0.00,$12.00,$1.00,T1163,,user25@example.com
01/20/2025,09:00,Shop,Mug,1,$12.00,$0.00,$12.00,$1.00,T1164,,user7@example.com
06/27/2025,09:00,Shop,Mug,1,$12.00,$0.00,$12.00,$1.00,T1165,,user14@example.com
11/23/2025,09:00,Shop,Tee,1,$25.00,$0.00,$25.00,$1.00,T1166,,user6@example.com
03/04/2026,09:00,Shop,Tee,1,$25.00,$0.00,$25.00,$1.00,T1167,,user8@example.com
02/10/2025,09:00,Shop,Tee,1,$25.00,$0.00,$25.00,$1.00,T1168,,
01/01/2026,09:00,Shop,Poster,1,$18.00,$0.00,$18.00,$1.00,T1169,,user13@example.com
07/08/2026,09:00,Shop,Tee,1,$25.00,$0.00,$25.00,$1.00,T1170,,
05/21/2025,09:00,Shop,Tee,1,$25.00,$0.00,$25.00,$1.00,T1171,,
10/25/2025,09:00,Shop,Mug,1,$12.00,$0.00,$12.00,$1.00,T1172,,user23@example.com
05/22/2026,09:00,Shop,Mug,1,$12.00,$0.00,$12.00,$1.00,T1173,,
08/26/2025,09:00,Shop,Mug,1,$12.00,$0.00,$12.00,$1.00,T1174,,user3@example.com
07/27/2026,09:00,Shop,Poster,1,$18.00,$0.00,$18.00,$1.00,T1175,,
10/29/2025,09:00,Shop,Mug,1,$12.00,$0.00,$12.00,$1.00,T1176,,
10/29/2025,09:00,Shop,Poster,1,$18.00,$0.00,$18.00,$1.00,T1177,,user4@example.com
07/16/2025,09:00,Shop,Mug,1,$12.00,$0.00,$12.00,$1.00,T1178,,user11@example.com
08/05/2026,09:00,Shop,Mug,1,$12.00,$0.00,$12.00,$1.00,T1179,,user20@example.com
05/16/2025,09:00,Shop,Poster,1,$18.00,$0.00,$18.00,$1.00,T1180,,
06/01/2025,09:00,Shop,Poster,1,$18.00,$0.00,$18.00,$1.00,T1181,,user3@example.com
07/20/2025,09:00,Shop,Mug,1,$12.00,$0.00,$12.00,$1.00,T1182,,user14@example.com
06/04/2025,09:00,Shop,Poster,1,$18.00,$0.00,$18.00,$1.00,T1183,,user14@example.com
07/01/2026,09:00,Shop,Poster,1,$18.00,$0.00,$18.00,$1.00,T1184,,user15@example.com
09/13/2025,09:00,Shop,Poster,1,$18.00,$0.00,$18.00,$1.00,T1185,,
08/09/2026,09:00,Shop,Tee,1,$25.00,$0.00,$25.00,$1.00,T1186,,
03/10/2026,09:00,Shop,Mug,1,$12.00,$0.00,$12.00,$1.00,T1187,,
08/03/2026,09:00,Shop,Mug,1,$12.00,$0.00,$12.00,$1.00,T1188,,user24@example.com
08/24/2026,09:00,Shop,Poster,1,$18.00,$0.00,$18.00,$1.00,T1189,,
08/23/2026,09:00,Shop,Mug,1,$12.00,$0.00,$12.00,$1.00,T1190,,
06/29/2025,09:00,Shop,Tee,1,$25.00,$0.00,$25.00,$1.00,T1191,,user24@example.com
05/31/2026,09:00,Shop,Mug,1,$12.00,$0.00,$12.00,$1.00,T1192,,
04/29/2025,09:00,Shop,Poster,1,$18.00,$0.00,$18.00,$1.00,T1193,,
05/11/2025,09:00,Shop,Poster,1,$18.00,$0.00,$18.00,$1.00,T1194,,user12@example.com
06/20/2025,09:00,Shop,Tee,1,$25.00,$0.00,$25.00,$1.00,T1195,,user14@example.com
04/26/2026,09:00,Shop,Mug,1,$12.00,$0.00,$12.00,$1.00,T1196,,user20@example.com
03/02/2025,09:00,Shop,Tee,1,$25.00,$0.00,$25.00,$1.00,T1197,,user8@example.com
04/02/2026,09:00,Shop,Mug,1,$12.00,$0.00,$12.00,$1.00,T1198,,
07/03/2026,09:00,Shop,Tee,1,$25.00,$0.00,$25.00,$1.00,T1199,,user25@example.com
04/25/2025,09:00,Shop,Mug,1,$12.00,$0.00,$12.00,$1.00,T1200,,user10@example.com
07/19/2025,09:00,Shop,Poster,1,$18.00,$0.00,$18.00,$1.00,T1201,,
09/12/2025,09:00,Shop,Tee,1,$25.00,$0.00,$25.00,$1.00,T1202,,
01/25/2026,09:00,Shop,Tee,1,$25.00,$0.00,$25.00,$1.00,T1203,,user2@example.com
02/07/2025,09:00,Shop,Tee,1,$25.00,$0.00,$25.00,$1.00,T1204,,user28@example.com
03/24/2025,09:00,Shop,Tee,1,$25.00,$0.00,$25.00,$1.00,T1205,,user8@example.com
03/22/2026,09:00,Shop,Mug,1,$12.00,$0.00,$12.00,$1.00,T1206,,
01/19/2025,09:00,Shop,Mug,1,$12.00,$0.00,$12.00,$1.00,T1207,,user17@example.com
01/24/2025,09:00,Shop,Mug,1,$12.00,$0.00,$12.00,$1.00,T1208,,user9@example.com
07/29/2025,09:00,Shop,Poster,1,$18.00,$0.00,$18.00,$1.00,T1209,,
08/10/2026,09:00,Shop,Tee,1,$25.00,$0.00,$25.00,$1.00,T1210,,
06/13/2025,09:00,Shop,Poster,1,$18.00,$0.00,$18.00,$1.00,T1211,,
07/16/2025,09:00,Shop,Tee,1,$25.00,$0.00,$25.00,$1.00,T1212,,user23@example.com
02/03/2026,09:00,Shop,Poster,1,$18.00,$0.00,$18.00,$1.00,T1213,,user1@example.com
01/20/2026,09:00,Shop,Mug,1,$12.00,$0.00,$12.00,$1.00,T1214,,
03/21/2026,09:00,Shop,Tee,1,$25.00,$0.00,$25.00,$1.00,T1215,,user0@example.com
11/03/2025,09:00,Shop,Mug,1,$12.00,$0.00,$12.00,$1.00,T1216,,user12@example.com
04/30/2026,09:00,Shop,Mug,1,$12.00,$0.00,$12.00,$1.00,T1217,,user22@example.com
08/16/2025,09:00,Shop,Poster,1,$18.00,$0.00,$18.00,$1.00,T1218,,
06/18/2025,09:00,Shop,Poster,1,$18.00,$0.00,$18.00,$1.00,T1219,,user0@example.com
01/30/2026,09:00,Shop,Tee,1,$25.00,$0.00,$25.00,$1.00,T1220,,
02/16/2025,09:00,Shop,Mug,1,$12.00,$0.00,$12.00,$1.00,T1221,,
07/08/2026,09:00,Shop,Mug,1,$12.00,$0.00,$12.00,$1.00,T1222,,
09/17/2025,09:00,Shop,Tee,1,$25.00,$0.00,$25.00,$1.00,T1223,,
02/08/2026,09:00,Shop,Mug,1,$12.00,$0.00,$12.00,$1.00,T1224,,user6@example.com
01/04/2026,09:00,Shop,Poster,1,$18.00,$0.00,$18.00,$1.00,T1225,,user28@example.com
09/09/2025,09:00,Shop,Tee,1,$25.00,$0.00,$25.00,$1.00,T1226,,
07/10/2025,09:00,Shop,Mug,1,$12.00,$0.00,$12.00,$1.00,T1227,,user28@example.com
04/01/2026,09:00,Shop,Mug,1,$12.00,$0.00,$12.00,$1.00,T1228,,user25@example.com
03/13/2025,09:00,Shop,Mug,1,$12.00,$0.00,$12.00,$1.00,T1229,,
03/16/2026,09:00,Shop,Mug,1,$12.00,$0.00,$12.00,$1.00,T1230,,user28@example.com
02/22/2025,09:00,Shop,Mug,1,$12.00,$0.00,$12.00,$1.00,T1231,,user3@example.com
06/07/2025,09:00,Shop,Mug,1,$12.00,$0.00,$12.00,$1.00,T1232,,user27@example.com
07/14/2025,09:00,Shop,Poster,1,$18.00,$0.00,$18.00,$1.00,T1233,,user25@example.com
06/24/2026,09:00,Shop,Mug,1,$12.00,$0.00,$12.00,$1.00,T1234,,user20@example.com
03/23/2026,09:00,Shop,Poster,1,$18.00,$0.00,$18.00,$1.00,T1235,,
08/16/2026,09:00,Shop,Tee,1,$25.00,$0.00,$25.00,$1.00,T1236,,user18@example.com
07/14/2025,09:00,Shop,Tee,1,$25.00,$0.00,$25.00,$1.00,T1237,,user2@example.com
02/03/2025,09:00,Shop,Tee,1,$25.00,$0.00,$25.00,$1.00,T1238,,user16@example.com
01/22/2026,09:00,Shop,Tee,1,$25.00,$0.00,$25.00,$1.00,T1239,,user18@example.com
03/30/2025,09:00,Shop,Tee,1,$25.00,$0.00,$25.00,$1.00,T1240,,
08/03/2026,09:00,Shop,Mug,1,$12.00,$0.00,$12.00,$1.00,T1241,,user3@example.com
03/27/2025,09:00,Shop,Mug,1,$12.00,$0.00,$12.00,$1.00,T1242,,user11@example.com
05/19/2026,09:00,Shop,Tee,1,$25.00,$0.00,$25.00,$1.00,T1243,,user27@example.com
02/12/2025,09:00,Shop,Tee,1,$25.00,$0.00,$25.00,$1.00,T1244,,user7@example.com
05/14/2026,09:00,Shop,Tee,1,$25.00,$0.00,$25.00,$1.00,T1245,,user12@example.com
01/22/2026,09:00,Shop,Mug,1,$12.00,$0.00,$12.00,$1.00,T1246,,user27@example.com
08/17/2025,09:00,Shop,Poster,1,$18.00,$0.00,$18.00,$1.00,T1247,,user23@example.com
02/02/2026,09:00,Shop,Poster,1,$18.00,$0.00,$18.00,$1.00,T1248,,user6@example.com
04/27/2026,09:00,Shop,Poster,1,$18.00,$0.00,$18.00,$1.00,T1249,,user25@example.com
12/01/2025,09:00,Shop,Poster,1,$18.00,$0.00,$18.00,$1.00,T1250,,
08/23/2025,09:00,Shop,Mug,1,$12.00,$0.00,$12.00,$1.00,T1251,,user4@example.com
09/29/2025,09:00,Shop,Poster,1,$18.00,$0.00,$18.00,$1.00,T1252,,user3@example.com
08/10/2026,09:00,Shop,Mug,1,$12.00,$0.00,$12.00,$1.00,T1253,,user27@example.com
08/08/2025,09:00,Shop,Poster,1,$18.00,$0.00,$18.00,$1.00,T1254,,
07/20/2025,09:00,Shop,Mug,1,$12.00,$0.00,$12.00,$1.00,T1255,,user4@example.com
11/12/2025,09:00,Shop,Poster,1,$18.00,$0.00,$18.00,$1.00,T1256,,
03/11/2025,09:00,Shop,Poster,1,$18.00,$0.00,$18.00,$1.00,T1257,,user0@example.com
06/28/2026,09:00,Shop,Poster,1,$18.00,$0.00,$18.00,$1.00,T1258,,user1@example.com
05/29/2025,09:00,Shop,Tee,1,$25.00,$0.00,$25.00,$1.00,T1259,,user10@example.com
02/20/2025,09:00,Shop,Poster,1,$18.00,$0.00,$18.00,$1.00,T1260,,user2@example.com
09/03/2025,09:00,Shop,Mug,1,$12.00,$0.00,$12.00,$1.00,T1261,,user12@example.com
07/15/2026,09:00,Shop,Mug,1,$12.00,$0.00,$12.00,$1.00,T1262,,user28@example.com
09/07/2025,09:00,Shop,Tee,1,$25.00,$0.00,$25.00,$1.00,T1263,,user14@example.com
05/29/2025,09:00,Shop,Tee,1,$25.00,$0.00,$25.00,$1.00,T1264,,user3@example.com
06/21/2026,09:00,Shop,Poster,1,$18.00,$0.00,$18.00,$1.00,T1265,,user22@example.com
03/22/2026,09:00,Shop,Mug,1,$12.00,$0.00,$12.00,$1.00,T1266,,user22@example.com
01/09/2025,09:00,Shop,Mug,1,$12.00,$0.00,$12.00,$1.00,T1267,,
08/08/2026,09:00,Shop,Tee,1,$25.00,$0.00,$25.00,$1.00,T1268,,user13@example.com
04/27/2026,09:00,Shop,Tee,1,$25.00,$0.00,$25.00,$1.00,T1269,,user10@example.com
01/13/2026,09:00,Shop,Poster,1,$18.00,$0.00,$18.00,$1.00,T1270,,user18@example.com
04/20/2025,09:00,Shop,Mug,1,$12.00,$0.00,$12.00,$1.00,T1271,,
06/21/2026,09:00,Shop,Poster,1,$18.00,$0.00,$18.00,$1.00,T1272,,user25@example.com
07/25/2026,09:00,Shop,Tee,1,$25.00,$0.00,$25.00,$1.00,T1273,,
08/04/2026,09:00,Shop,Poster,1,$18.00,$0.00,$18.00,$1.00,T1274,,
04/24/2025,09:00,Shop,Mug,1,$12.00,$0.00,$12.00,$1.00,T1275,,
06/17/2025,09:00,Shop,Tee,1,$25.00,$0.00,$25.00,$1.00,T1276,,
01/04/2026,09:00,Shop,Mug,1,$12.00,$0.00,$12.00,$1.00,T1277,,
10/18/2025,09:00,Shop,Mug,1,$12.00,$0.00,$12.00,$1.00,T1278,,user24@example.com
03/18/2025,09:00,Shop,Tee,1,$25.00,$0.00,$25.00,$1.00,T1279,,user3@example.com
06/07/2025,09:00,Shop,Poster,1,$18.00,$0.00,$18.00,$1.00,T1280,,user3@example.com
06/09/2025,09:00,Shop,Mug,1,$12.00,$0.00,$12.00,$1.00,T1281,,user29@example.com
06/26/2025,09:00,Shop,Mug,1,$12.00,$0.00,$12.00,$1.00,T1282,,user11@example.com
08/04/2026,09:00,Shop,Mug,1,$12.00,$0.00,$12.00,$1.00,T1283,,user20@example.com
08/13/2026,09:00,Shop,Mug,1,$12.00,$0.00,$12.00,$1.00,T1284,,
05/08/2025,09:00,Shop,Tee,1,$25.00,$0.00,$25.00,$1.00,T1285,,user16@example.com
04/24/2025,09:00,Shop,Mug,1,$12.00,$0.00,$12.00,$1.00,T1286,,user11@example.com
05/03/2025,09:00,Shop,Mug,1,$12.00,$0.00,$12.00,$1.00,T1287,,
09/02/2025,09:00,Shop,Mug,1,$12.00,$0.00,$12.00,$1.00,T1288,,user19@example.com
05/25/2025,09:00,Shop,Poster,1,$18.00,$0.00,$18.00,$1.00,T1289,,user0@example.com
06/28/2025,09:00,Shop,Tee,1,$25.00,$0.00,$25.00,$1.00,T1290,,user2@example.com
03/18/2026,09:00,Shop,Mug,1,$12.00,$0.00,$12.00,$1.00,T1291,,user7@example.com
07/04/2025,09:00,Shop,Mug,1,$12.00,$0.00,$12.00,$1.00,T1292,,user2@example.com
02/16/2025,09:00,Shop,Tee,1,$25.00,$0.00,$25.00,$1.00,T1293,,
04/06/2026,09:00,Shop,Tee,1,$25.00,$0.00,$25.00,$1.00,T1294,,
05/09/2026,09:00,Shop,Poster,1,$18.00,$0.00,$18.00,$1.00,T1295,,user6@example.com
06/05/2026,09:00,Shop,Poster,1,$18.00,$0.00,$18.00,$1.00,T1296,,
09/12/2025,09:00,Shop,Mug,1,$12.00,$0.00,$12.00,$1.00,T1297,,user19@example.com
07/19/2026,09:00,Shop,Tee,1,$25.00,$0.00,$25.00,$1.00,T1298,,
01/24/2025,09:00,Shop,Tee,1,$25.00,$0.00,$25.00,$1.00,T1299,,
08/15/2026,09:00,Shop,Poster,1,$18.00,$0.00,$18.00,$1.00,T1300,,
03/25/2026,09:00,Shop,Mug,1,$12.00,$0.00,$12.00,$1.00,T1301,,
02/07/2026,09:00,Shop,Mug,1,$12.00,$0.00,$12.00,$1.00,T1302,,user11@example.com
06/29/2025,09:00,Shop,Mug,1,$12.00,$0.00,$12.00,$1.00,T1303,,user20@example.com
08/12/2025,09:00,Shop,Tee,1,$25.00,$0.00,$25.00,$1.00,T1304,,
01/05/2025,09:00,Shop,Mug,1,$12.00,$0.00,$12.00,$1.00,T1305,,user21@example.com
01/31/2025,09:00,Shop,Poster,1,$18.00,$0.00,$18.00,$1.00,T1306,,user20@example.com
09/13/2025,09:00,Shop,Mug,1,$12.00,$0.00,$12.00,$1.00,T1307,,user12@example.com
06/23/2026,09:00,Shop,Tee,1,$25.00,$0.00,$25.00,$1.00,T1308,,user13@example.com
12/09/2025,09:00,Shop,Mug,1,$12.00,$0.00,$12.00,$1.00,T1309,,
03/01/2026,09:00,Shop,Tee,1,$25.00,$0.00,$25.00,$1.00,T1310,,
06/23/2025,09:00,Shop,Tee,1,$25.00,$0.00,$25.00,$1.00,T1311,,user23@example.com
01/18/2026,09:00,Shop,Tee,1,$25.00,$0.00,$25.00,$1.00,T1312,,user16@example.com
07/19/2025,09:00,Shop,Tee,1,$25.00,$0.00,$25.00,$1.00,T1313,,user7@example.com
12/30/2025,09:00,Shop,Poster,1,$18.00,$0.00,$18.00,$1.00,T1314,,
06/19/2025,09:00,Shop,Poster,1,$18.00,$0.00,$18.00,$1.00,T1315,,
06/01/2025,09:00,Shop,Tee,1,$25.00,$0.00,$25.00,$1.00,T1316,,user11@example.com
06/25/2026,09:00,Shop,Poster,1,$18.00,$0.00,$18.00,$1.00,T1317,,user16@example.com
08/04/2026,09:00,Shop,Mug,1,$12.00,$0.00,$12.00,$1.00,T1318,,user14@example.com
04/22/2026,09:00,Shop,Mug,1,$12.00,$0.00,$12.00,$1.00,T1319,,
09/14/2025,09:00,Shop,Poster,1,$18.00,$0.00,$18.00,$1.00,T1320,,user17@example.com
05/19/2026,09:00,Shop,Tee,1,$25.00,$0.00,$25.00,$1.00,T1321,,user10@example.com
01/13/2026,09:00,Shop,Tee,1,$25.00,$0.00,$25.00,$1.00,T1322,,user0@example.com
01/13/2025,09:00,Shop,Poster,1,$18.00,$0.00,$18.00,$1.00,T1323,,
01/26/2026,09:00,Shop,Tee,1,$25.00,$0.00,$25.00,$1.00,T1324,,user18@example.com
12/30/2025,09:00,Shop,Mug,1,$12.00,$0.00,$12.00,$1.00,T1325,,user8@example.com
08/08/2026,09:00,Shop,Mug,1,$12.00,$0.00,$12.00,$1.00,T1326,,user5@example.com
08/12/2026,09:00,Shop,Poster,1,$18.00,$0.00,$18.00,$1.00,T1327,,
04/01/2025,09:00,Shop,Mug,1,$12.00,$0.00,$12.00,$1.00,T1328,,user11@example.com
08/18/2025,09:00,Shop,Tee,1,$25.00,$0.00,$25.00,$1.00,T1329,,user3@example.com
08/14/2025,09:00,Shop,Tee,1,$25.00,$0.00,$25.00,$1.00,T1330,,user26@example.com
03/02/2026,09:00,Shop,Poster,1,$18.00,$0.00,$18.00,$1.00,T1331,,user16@example.com
03/25/2026,09:00,Shop,Tee,1,$25.00,$0.00,$25.00,$1.00,T1332,,
01/14/2025,09:00,Shop,Poster,1,$18.00,$0.00,$18.00,$1.00,T1333,,
12/20/2025,09:00,Shop,Tee,1,$25.00,$0.00,$25.00,$1.00,T1334,,
08/11/2026,09:00,Shop,Tee,1,$25.00,$0.00,$25.00,$1.00,T1335,,user4@example.com
01/02/2026,09:00,Shop,Poster,1,$18.00,$0.00,$18.00,$1.00,T1336,,
04/19/2025,09:00,Shop,Tee,1,$25.00,$0.00,$25.00,$1.00,T1337,,user28@example.com
10/17/2025,09:00,Shop,Mug,1,$12.00,$0.00,$12.00,$1.00,T1338,,user27@example.com
10/23/2025,09:00,Shop,Poster,1,$18.00,$0.00,$18.00,$1.00,T1339,,
03/20/2026,09:00,Shop,Tee,1,$25.00,$0.00,$25.00,$1.00,T1340,,user9@example.com
07/13/2025,09:00,Shop,Tee,1,$25.00,$0.00,$25.00,$1.00,T1341,,
07/13/2025,09:00,Shop,Tee,1,$25.00,$0.00,$25.00,$1.00,T1342,,user8@example.com
06/15/2026,09:00,Shop,Tee,1,$25.00,$0.00,$25.00,$1.00,T1343,,user2@example.com
06/22/2025,09:00,Shop,Poster,1,$18.00,$0.00,$18.00,$1.00,T1344,,user6@example.com
03/20/2025,09:00,Shop,Poster,1,$18.00,$0.00,$18.00,$1.00,T1345,,
08/03/2025,09:00,Shop,Mug,1,$12.00,$0.00,$12.00,$1.00,T1346,,
05/12/2026,09:00,Shop,Tee,1,$25.00,$0.00,$25.00,$1.00,T1347,,
03/08/2026,09:00,Shop,Mug,1,$12.00,$0.00,$12.00,$1.00,T1348,,
12/05/2025,09:00,Shop,Poster,1,$18.00,$0.00,$18.00,$1.00,T1349,,user15@example.com
02/02/2025,09:00,Shop,Tee,1,$25.00,$0.00,$25.00,$1.00,T1350,,user5@example.com
01/26/2025,09:00,Shop,Mug,1,$12.00,$0.00,$12.00,$1.00,T1351,,user0@example.com
04/03/2026,09:00,Shop,Mug,1,$12.00,$0.00,$12.00,$1.00,T1352,,
11/23/2025,09:00,Shop,Tee,1,$25.00,$0.00,$25.00,$1.00,T1353,,
11/26/2025,09:00,Shop,Mug,1,$12.00,$0.00,$12.00,$1.00,T1354,,user8@example.com
10/23/2025,09:00,Shop,Tee,1,$25.00,$0.00,$25.00,$1.00,T1355,,
07/26/2026,09:00,Shop,Mug,1,$12.00,$0.00,$12.00,$1.00,T1356,,
02/16/2026,09:00,Shop,Tee,1,$25.00,$0.00,$25.00,$1.00,T1357,,
11/26/2025,09:00,Shop,Mug,1,$12.00,$0.00,$12.00,$1.00,T1358,,
11/15/2025,09:00,Shop,Mug,1,$12.00,$0.00,$12.00,$1.00,T1359,,user18@example.com
03/10/2026,09:00,Shop,Mug,1,$12.00,$0.00,$12.00,$1.00,T1360,,
07/22/2026,09:00,Shop,Poster,1,$18.00,$0.00,$18.00,$1.00,T1361,,user13@example.com
05/22/2025,09:00,Shop,Poster,1,$18.00,$0.00,$18.00,$1.00,T1362,,user6@example.com
07/03/2026,09:00,Shop,Poster,1,$18.00,$0.00,$18.00,$1.00,T1363,,user29@example.com
09/27/2025,09:00,Shop,Tee,1,$25.00,$0.00,$25.00,$1.00,T1364,,user6@example.com
04/17/2025,09:00,Shop,Tee,1,$25.00,$0.00,$25.00,$1.00,T1365,,user26@example.com
03/31/2026,09:00,Shop,Tee,1,$25.00,$0.00,$25.00,$1.00,T1366,,user24@example.com
02/07/2025,09:00,Shop,Poster,1,$18.00,$0.00,$18.00,$1.00,T1367,,
12/14/2025,09:00,Shop,Mug,1,$12.00,$0.00,$12.00,$1.00,T1368,,user7@example.com
07/14/2025,09:00,Shop,Tee,1,$25.00,$0.00,$25.00,$1.00,T1369,,user15@example.com
10/28/2025,09:00,Shop,Tee,1,$25.00,$0.00,$25.00,$1.00,T1370,,user27@example.com
01/04/2026,09:00,Shop,Tee,1,$25.00,$0.00,$25.00,$1.00,T1371,,user28@example.com
04/12/2026,09:00,Shop,Tee,1,$25.00,$0.00,$25.00,$1.00,T1372,,user5@example.com
10/31/2025,09:00,Shop,Tee,1,$25.00,$0.00,$25.00,$1.00,T1373,,user18@example.com
05/13/2026,09:00,Shop,Mug,1,$12.00,$0.00,$12.00,$1.00,T1374,,user9@example.com
04/06/2025,09:00,Shop,Mug,1,$12.00,$0.00,$12.00,$1.00,T1375,,
06/28/2026,09:00,Shop,Tee,1,$25.00,$0.00,$25.00,$1.00,T1376,,
07/02/2025,09:00,Shop,Tee,1,$25.00,$0.00,$25.00,$1.00,T1377,,
07/07/2025,09:00,Shop,Mug,1,$12.00,$0.00,$12.00,$1.00,T1378,,user27@example.com
06/19/2026,09:00,Shop,Mug,1,$12.00,$0.00,$12.00,$1.00,T1379,,user14@example.com
03/22/2026,09:00,Shop,Poster,1,$18.00,$0.00,$18.00,$1.00,T1380,,user11@example.com
06/17/2026,09:00,Shop,Mug,1,$12.00,$0.00,$12.00,$1.00,T1381,,user29@example.com
02/20/2025,09:00,Shop,Mug,1,$12.00,$0.00,$12.00,$1.00,T1382,,user23@example.com
12/03/2025,09:00,Shop,Mug,1,$12.00,$0.00,$12.00,$1.00,T1383,,user9@example.com
08/27/2025,09:00,Shop,Poster,1,$18.00,$0.00,$18.00,$1.00,T1384,,user0@example.com
05/11/2026,09:00,Shop,Mug,1,$12.00,$0.00,$12.00,$1.00,T1385,,
10/17/2025,09:00,Shop,Mug,1,$12.00,$0.00,$12.00,$1.00,T1386,,
09/25/2025,09:00,Shop,Poster,1,$18.00,$0.00,$18.00,$1.00,T1387,,
09/23/2025,09:00,Shop,Tee,1,$25.00,$0.00,$25.00,$1.00,T1388,,user2@example.com
11/04/2025,09:00,Shop,Tee,1,$25.00,$0.00,$25.00,$1.00,T1389,,user4@example.com
05/09/2026,09:00,Shop,Tee,1,$25.00,$0.00,$25.00,$1.00,T1390,,
02/19/2025,09:00,Shop,Tee,1,$25.00,$0.00,$25.00,$1.00,T1391,,user29@example.com
05/15/2026,09:00,Shop,Tee,1,$25.00,$0.00,$25.00,$1.00,T1392,,user1@example.com
12/19/2025,09:00,Shop,Mug,1,$12.00,$0.00,$12.00,$1.00,T1393,,
06/06/2025,09:00,Shop,Mug,1,$12.00,$0.00,$12.00,$1.00,T1394,,user4@example.com
11/16/2025,09:00,Shop,Tee,1,$25.00,$0.00,$25.00,$1.00,T1395,,user26@example.com
11/18/2025,09:00,Shop,Tee,1,$25.00,$0.00,$25.00,$1.00,T1396,,
06/13/2026,09:00,Shop,Poster,1,$18.00,$0.00,$18.00,$1.00,T1397,,user17@example.com
05/07/2025,09:00,Shop,Tee,1,$25.00,$0.00,$25.00,$1.00,T1398,,user14@example.com
03/27/2025,09:00,Shop,Tee,1,$25.00,$0.00,$25.00,$1.00,T1399,,user8@example.com
07/03/2025,09:00,Shop,Poster,1,$18.00,$0.00,$18.00,$1.00,T1400,,
07/09/2026,09:00,Shop,Tee,1,$25.00,$0.00,$25.00,$1.00,T1401,,user15@example.com
10/17/2025,09:00,Shop,Mug,1,$12.00,$0.00,$12.00,$1.00,T1402,,
06/15/2025,09:00,Shop,Tee,1,$25.00,$0.00,$25.00,$1.00,T1403,,user23@example.com
03/29/2026,09:00,Shop,Mug,1,$12.00,$0.00,$12.00,$1.00,T1404,,user25@example.com
02/18/2025,09:00,Shop,Tee,1,$25.00,$0.00,$25.00,$1.00,T1405,,user16@example.com
01/03/2025,09:00,Shop,Tee,1,$25.00,$0.00,$25.00,$1.00,T1406,,
07/08/2025,09:00,Shop,Tee,1,$25.00,$0.00,$25.00,$1.00,T1407,,
01/24/2026,09:00,Shop,Tee,1,$25.00,$0.00,$25.00,$1.00,T1408,,user13@example.com
11/02/2025,09:00,Shop,Poster,1,$18.00,$0.00,$18.00,$1.00,T1409,,
01/01/2026,09:00,Shop,Poster,1,$18.00,$0.00,$18.00,$1.00,T1410,,
10/18/2025,09:00,Shop,Poster,1,$18.00,$0.00,$18.00,$1.00,T1411,,user16@example.com
03/31/2026,09:00,Shop,Poster,1,$18.00,$0.00,$18.00,$1.00,T1412,,user13@example.com
08/06/2025,09:00,Shop,Mug,1,$12.00,$0.00,$12.00,$1.00,T1413,,user19@example.com
01/27/2026,09:00,Shop,Mug,1,$12.00,$0.00,$12.00,$1.00,T1414,,user0@example.com
07/25/2026,09:00,Shop,Poster,1,$18.00,$0.00,$18.00,$1.00,T1415,,user7@example.com
01/19/2026,09:00,Shop,Tee,1,$25.00,$0.00,$25.00,$1.00,T1416,,user22@example.com
08/19/2025,09:00,Shop,Poster,1,$18.00,$0.00,$18.00,$1.00,T1417,,user4@example.com
02/05/2025,09:00,Shop,Mug,1,$12.00,$0.00,$12.00,$1.00,T1418,,
06/22/2026,09:00,Shop,Poster,1,$18.00,$0.00,$18.00,$1.00,T1419,,
01/18/2026,09:00,Shop,Tee,1,$25.00,$0.00,$25.00,$1.00,T1420,,
11/24/2025,09:00,Shop,Tee,1,$25.00,$0.00,$25.00,$1.00,T1421,,
11/01/2025,09:00,Shop,Mug,1,$12.00,$0.00,$12.00,$1.00,T1422,,
10/12/2025,09:00,Shop,Tee,1,$25.00,$0.00,$25.00,$1.00,T1423,,user29@example.com
01/21/2026,09:00,Shop,Poster,1,$18.00,$0.00,$18.00,$1.00,T1424,,
02/03/2026,09:00,Shop,Mug,1,$12.00,$0.00,$12.00,$1.00,T1425,,
10/12/2025,09:00,Shop,Mug,1,$12.00,$0.00,$12.00,$1.00,T1426,,
08/30/2025,09:00,Shop,Tee,1,$25.00,$0.00,$25.00,$1.00,T1427,,user3@example.com
01/25/2026,09:00,Shop,Poster,1,$18.00,$0.00,$18.00,$1.00,T1428,,user13@example.com
12/14/2025,09:00,Shop,Tee,1,$25.00,$0.00,$25.00,$1.00,T1429,,user17@example.com
01/26/2026,09:00,Shop,Tee,1,$25.00,$0.00,$25.00,$1.00,T1430,,user6@example.com
07/12/2026,09:00,Shop,Poster,1,$18.00,$0.00,$18.00,$1.00,T1431,,
07/12/2025,09:00,Shop,Mug,1,$12.00,$0.00,$12.00,$1.00,T1432,,
03/31/2026,09:00,Shop,Tee,1,$25.00,$0.00,$25.00,$1.00,T1433,,user1@example.com
03/12/2026,09:00,Shop,Poster,1,$18.00,$0.00,$18.00,$1.00,T1434,,user2@example.com
12/10/2025,09:00,Shop,Mug,1,$12.00,$0.00,$12.00,$1.00,T1435,,user20@example.com
02/24/2025,09:00,Shop,Mug,1,$12.00,$0.00,$12.00,$1.00,T1436,,
03/03/2026,09:00,Shop,Tee,1,$25.00,$0.00,$25.00,$1.00,T1437,,user14@example.com
05/04/2026,09:00,Shop,Poster,1,$18.00,$0.00,$18.00,$1.00,T1438,,
03/26/2025,09:00,Shop,Tee,1,$25.00,$0.00,$25.00,$1.00,T1439,,
03/19/2026,09:00,Shop,Mug,1,$12.00,$0.00,$12.00,$1.00,T1440,,
07/10/2026,09:00,Shop,Poster,1,$18.00,$0.00,$18.00,$1.00,T1441,,user22@example.com
04/21/2025,09:00,Shop,Tee,1,$25.00,$0.00,$25.00,$1.00,T1442,,user4@example.com
08/05/2025,09:00,Shop,Mug,1,$12.00,$0.00,$12.00,$1.00,T1443,,user7@example.com
05/17/2025,09:00,Shop,Mug,1,$12.00,$0.00,$12.00,$1.00,T1444,,user13@example.com
07/25/2026,09:00,Shop,Tee,1,$25.00,$0.00,$25.00,$1.00,T1445,,
05/24/2025,09:00,Shop,Tee,1,$25.00,$0.00,$25.00,$1.00,T1446,,user24@example.com
11/15/2025,09:00,Shop,Mug,1,$12.00,$0.00,$12.00,$1.00,T1447,,
04/13/2026,09:00,Shop,Mug,1,$12.00,$0.00,$12.00,$1.00,T1448,,user23@example.com
05/03/2026,09:00,Shop,Poster,1,$18.00,$0.00,$18.00,$1.00,T1449,,user29@example.com
05/05/2026,09:00,Shop,Poster,1,$18.00,$0.00,$18.00,$1.00,T1450,,
03/31/2026,09:00,Shop,Tee,1,$25.00,$0.00,$25.00,$1.00,T1451,,
03/24/2025,09:00,Shop,Mug,1,$12.00,$0.00,$12.00,$1.00,T1452,,
07/17/2026,09:00,Shop,Tee,1,$25.00,$0.00,$25.00,$1.00,T1453,,
05/14/2025,09:00,Shop,Tee,1,$25.00,$0.00,$25.00,$1.00,T1454,,
02/27/2026,09:00,Shop,Mug,1,$12.00,$0.00,$12.00,$1.00,T1455,,user22@example.com
05/06/2025,09:00,Shop,Mug,1,$12.00,$0.00,$12.00,$1.00,T1456,,user22@example.com
09/13/2025,09:00,Shop,Mug,1,$12.00,$0.00,$12.00,$1.00,T1457,,
02/22/2025,09:00,Shop,Poster,1,$18.00,$0.00,$18.00,$1.00,T1458,,
01/27/2026,09:00,Shop,Tee,1,$25.00,$0.00,$25.00,$1.00,T1459,,
06/24/2026,09:00,Shop,Poster,1,$18.00,$0.00,$18.00,$1.00,T1460,,user25@example.com
02/13/2025,09:00,Shop,Mug,1,$12.00,$0.00,$12.00,$1.00,T1461,,user2@example.com
08/04/2025,09:00,Shop,Poster,1,$18.00,$0.00,$18.00,$1.00,T1462,,user14@example.com
01/31/2026,09:00,Shop,Poster,1,$18.00,$0.00,$18.00,$1.00,T1463,,
11/26/2025,09:00,Shop,Tee,1,$25.00,$0.00,$25.00,$1.00,T1464,,user28@example.com
01/12/2026,09:00,Shop,Mug,1,$12.00,$0.00,$12.00,$1.00,T1465,,user2@example.com
05/06/2025,09:00,Shop,Mug,1,$12.00,$0.00,$12.00,$1.00,T1466,,
03/12/2025,09:00,Shop,Mug,1,$12.00,$0.00,$12.00,$1.00,T1467,,user3@example.com
01/28/2025,09:00,Shop,Mug,1,$12.00,$0.00,$12.00,$1.00,T1468,,user0@example.com
02/23/2026,09:00,Shop,Tee,1,$25.00,$0.00,$25.00,$1.00,T1469,,
09/07/2025,09:00,Shop,Poster,1,$18.00,$0.00,$18.00,$1.00,T1470,,
08/29/2025,09:00,Shop,Mug,1,$12.00,$0.00,$12.00,$1.00,T1471,,user29@example.com
04/08/2026,09:00,Shop,Poster,1,$18.00,$0.00,$18.00,$1.00,T1472,,user28@example.com
02/13/2026,09:00,Shop,Mug,1,$12.00,$0.00,$12.00,$1.00,T1473,,user3@example.com
11/04/2025,09:00,Shop,Mug,1,$12.00,$0.00,$12.00,$1.00,T1474,,user18@example.com
09/08/2025,09:00,Shop,Tee,1,$25.00,$0.00,$25.00,$1.00,T1475,,user20@example.com
09/17/2025,09:00,Shop,Poster,1,$18.00,$0.00,$18.00,$1.00,T1476,,
12/22/2025,09:00,Shop,Mug,1,$12.00,$0.00,$12.00,$1.00,T1477,,user16@example.com
07/06/2026,09:00,Shop,Mug,1,$12.00,$0.00,$12.00,$1.00,T1478,,user26@example.com
06/12/2025,09:00,Shop,Poster,1,$18.00,$0.00,$18.00,$1.00,T1479,,user27@example.com
05/30/2025,09:00,Shop,Poster,1,$18.00,$0.00,$18.00,$1.00,T1480,,user14@example.com
02/03/2026,09:00,Shop,Mug,1,$12.00,$0.00,$12.00,$1.00,T1481,,user20@example.com
01/24/2026,09:00,Shop,Mug,1,$12.00,$0.00,$12.00,$1.00,T1482,,
03/22/2026,09:00,Shop,Poster,1,$18.00,$0.00,$18.00,$1.00,T1483,,
05/02/2025,09:00,Shop,Poster,1,$18.00,$0.00,$18.00,$1.00,T1484,,
08/31/2025,09:00,Shop,Tee,1,$25.00,$0.00,$25.00,$1.00,T1485,,user4@example.com
06/28/2025,09:00,Shop,Tee,1,$25.00,$0.00,$25.00,$1.00,T1486,,
09/27/2025,09:00,Shop,Poster,1,$18.00,$0.00,$18.00,$1.00,T1487,,user20@example.com
12/19/2025,09:00,Shop,Poster,1,$18.00,$0.00,$18.00,$1.00,T1488,,
08/21/2025,09:00,Shop,Poster,1,$18.00,$0.00,$18.00,$1.00,T1489,,
01/29/2026,09:00,Shop,Mug,1,$12.00,$0.00,$12.00,$1.00,T1490,,user18@example.com
08/22/2025,09:00,Shop,Poster,1,$18.00,$0.00,$18.00,$1.00,T1491,,user16@example.com
02/16/2026,09:00,Shop,Poster,1,$18.00,$0.00,$18.00,$1.00,T1492,,
04/23/2026,09:00,Shop,Tee,1,$25.00,$0.00,$25.00,$1.00,T1493,,
07/16/2025,09:00,Shop,Mug,1,$12.00,$0.00,$12.00,$1.00,T1494,,
06/30/2025,09:00,Shop,Poster,1,$18.00,$0.00,$18.00,$1.00,T1495,,user12@example.com
08/30/2025,09:00,Shop,Tee,1,$25.00,$0.00,$25.00,$1.00,T1496,,
03/18/2025,09:00,Shop,Mug,1,$12.00,$0.00,$12.00,$1.00,T1497,,
09/26/2025,09:00,Shop,Mug,1,$12.00,$0.00,$12.00,$1.00,T1498,,user13@example.com
08/18/2026,09:00,Shop,Tee,1,$25.00,$0.00,$25.00,$1.00,T1499,,user12@example.com
